id,video_id,link,start_time,end_time
1,10,KNNF9Sznwlk,482,485
2,20,xveNdOQ4_vM,150,153
3,3,3kFX9ejMbM8,533,536
4,1,uRM0yMF0AtQ,864,867
5,0,Na5vejwaJQA,252,255
6,25,MngxUlEOhxM,514,517
7,33,mk8ZI7kftLY,664,667
8,14,VH3evagLbCU,242,245
9,17,JkGx1vojCDM,637,640
10,17,JkGx1vojCDM,322,325
11,14,VH3evagLbCU,257,260
12,34,Jq_-ZDz2N8w,562,565
13,17,JkGx1vojCDM,364,367
14,27,zuYqN8hy800,374,377
15,10,KNNF9Sznwlk,458,461
16,17,JkGx1vojCDM,541,544
17,29,hxFXZ4YB5oc,498,501
18,13,ojcv8wYK53k,563,566
19,34,Jq_-ZDz2N8w,541,544
20,2,ccJLRXm9iXw,286,289
21,6,Xs9D-FJ3RvY,232,235
22,10,KNNF9Sznwlk,515,518
23,25,MngxUlEOhxM,289,292
24,2,ccJLRXm9iXw,271,274
25,32,zeG2M5hEKps,401,404
26,20,xveNdOQ4_vM,138,141
27,27,zuYqN8hy800,431,434
28,21,7J0lys5pOG8,158,161
29,13,ojcv8wYK53k,323,326
30,15,tQPI3TqdCaA,422,425
31,7,XD4jbio1mfc,537,540
32,32,zeG2M5hEKps,533,536
33,13,ojcv8wYK53k,152,155
34,3,3kFX9ejMbM8,293,296
35,6,Xs9D-FJ3RvY,586,589
36,34,Jq_-ZDz2N8w,337,340
37,6,Xs9D-FJ3RvY,199,202
38,20,xveNdOQ4_vM,471,474
39,24,261-jFGpYRo,258,261
40,27,zuYqN8hy800,458,461
41,9,6nhHzIg6Fqk,479,482
42,34,Jq_-ZDz2N8w,214,217
43,22,qduAK_FeObQ,533,536
44,34,Jq_-ZDz2N8w,190,193
45,33,mk8ZI7kftLY,253,256
46,34,Jq_-ZDz2N8w,106,109
47,1,uRM0yMF0AtQ,903,906
48,26,I594xLug_PE,289,292
49,12,YQ0F8sHpjVI,369,372
50,23,xG_aqa94TD8,348,351
51,8,qduAK_FeObQ,413,416
52,17,JkGx1vojCDM,655,658
53,20,xveNdOQ4_vM,219,222
54,22,qduAK_FeObQ,557,560
55,16,M3BCVZ4WVHM,554,557
56,3,3kFX9ejMbM8,389,392
57,24,261-jFGpYRo,588,591
58,33,mk8ZI7kftLY,502,505
59,34,Jq_-ZDz2N8w,322,325
60,17,JkGx1vojCDM,358,361
61,24,261-jFGpYRo,498,501
62,15,tQPI3TqdCaA,236,239
63,23,xG_aqa94TD8,48,51
64,21,7J0lys5pOG8,791,794
65,34,Jq_-ZDz2N8w,295,298
66,26,I594xLug_PE,109,112
67,27,zuYqN8hy800,344,347
68,15,tQPI3TqdCaA,149,152
69,25,MngxUlEOhxM,439,442
70,25,MngxUlEOhxM,955,958
71,18,em1FW2FjaCM,949,952
72,2,ccJLRXm9iXw,403,406
73,34,Jq_-ZDz2N8w,142,145
74,14,VH3evagLbCU,338,341
75,16,M3BCVZ4WVHM,620,623
76,33,mk8ZI7kftLY,358,361
77,7,XD4jbio1mfc,402,405
78,10,KNNF9Sznwlk,434,437
79,24,261-jFGpYRo,93,96
80,23,xG_aqa94TD8,351,354
81,32,zeG2M5hEKps,659,662
82,7,XD4jbio1mfc,465,468
83,5,udtN_TRUK0I,252,255
84,33,mk8ZI7kftLY,679,682
85,17,JkGx1vojCDM,325,328
86,29,hxFXZ4YB5oc,273,276
87,20,xveNdOQ4_vM,180,183
88,33,mk8ZI7kftLY,682,685
89,16,M3BCVZ4WVHM,536,539
90,21,7J0lys5pOG8,827,830
91,24,261-jFGpYRo,327,330
92,25,MngxUlEOhxM,550,553
93,6,Xs9D-FJ3RvY,409,412
94,12,YQ0F8sHpjVI,546,549
95,27,zuYqN8hy800,227,230
96,7,XD4jbio1mfc,549,552
97,12,YQ0F8sHpjVI,240,243
98,13,ojcv8wYK53k,215,218
99,16,M3BCVZ4WVHM,251,254
100,16,M3BCVZ4WVHM,266,269
101,18,em1FW2FjaCM,727,730
102,17,JkGx1vojCDM,634,637
103,27,zuYqN8hy800,368,371
104,20,xveNdOQ4_vM,450,453
105,15,tQPI3TqdCaA,290,293
106,0,Na5vejwaJQA,582,585
107,25,MngxUlEOhxM,34,37
108,30,0Mr1JRgOL6A,234,237
109,7,XD4jbio1mfc,717,720
110,10,KNNF9Sznwlk,335,338
111,32,zeG2M5hEKps,341,344
112,2,ccJLRXm9iXw,508,511
113,28,DpH0KB4Q390,210,213
114,33,mk8ZI7kftLY,298,301
115,7,XD4jbio1mfc,621,624
116,28,DpH0KB4Q390,453,456
117,10,KNNF9Sznwlk,476,479
118,24,261-jFGpYRo,339,342
119,33,mk8ZI7kftLY,391,394
120,30,0Mr1JRgOL6A,276,279
121,5,udtN_TRUK0I,261,264
122,9,6nhHzIg6Fqk,524,527
123,6,Xs9D-FJ3RvY,265,268
124,16,M3BCVZ4WVHM,344,347
125,25,MngxUlEOhxM,76,79
126,33,mk8ZI7kftLY,547,550
127,25,MngxUlEOhxM,943,946
128,29,hxFXZ4YB5oc,336,339
129,34,Jq_-ZDz2N8w,658,661
130,25,MngxUlEOhxM,13,16
131,2,ccJLRXm9iXw,400,403
132,5,udtN_TRUK0I,255,258
133,9,6nhHzIg6Fqk,221,224
134,7,XD4jbio1mfc,450,453
135,1,uRM0yMF0AtQ,924,927
136,17,JkGx1vojCDM,289,292
137,17,JkGx1vojCDM,766,769
138,28,DpH0KB4Q390,399,402
139,6,Xs9D-FJ3RvY,550,553
140,7,XD4jbio1mfc,321,324
141,4,_t-4M4Q6pTk,789,792
142,16,M3BCVZ4WVHM,479,482
143,4,_t-4M4Q6pTk,561,564
144,33,mk8ZI7kftLY,388,391
145,28,DpH0KB4Q390,405,408
146,16,M3BCVZ4WVHM,545,548
147,27,zuYqN8hy800,437,440
148,6,Xs9D-FJ3RvY,331,334
149,2,ccJLRXm9iXw,463,466
150,25,MngxUlEOhxM,466,469
151,21,7J0lys5pOG8,224,227
152,25,MngxUlEOhxM,250,253
153,8,qduAK_FeObQ,479,482
154,14,VH3evagLbCU,500,503
155,32,zeG2M5hEKps,626,629
156,33,mk8ZI7kftLY,319,322
157,22,qduAK_FeObQ,326,329
158,17,JkGx1vojCDM,550,553
159,19,9puQp_MhFpo,505,508
160,16,M3BCVZ4WVHM,353,356
161,25,MngxUlEOhxM,826,829
162,25,MngxUlEOhxM,172,175
163,32,zeG2M5hEKps,305,308
164,4,_t-4M4Q6pTk,444,447
165,21,7J0lys5pOG8,575,578
166,17,JkGx1vojCDM,313,316
167,16,M3BCVZ4WVHM,194,197
168,1,uRM0yMF0AtQ,417,420
169,34,Jq_-ZDz2N8w,559,562
170,24,261-jFGpYRo,582,585
171,4,_t-4M4Q6pTk,201,204
172,34,Jq_-ZDz2N8w,493,496
173,32,zeG2M5hEKps,593,596
174,25,MngxUlEOhxM,970,973
175,29,hxFXZ4YB5oc,63,66
176,13,ojcv8wYK53k,335,338
177,25,MngxUlEOhxM,322,325
178,32,zeG2M5hEKps,509,512
179,34,Jq_-ZDz2N8w,124,127
180,34,Jq_-ZDz2N8w,328,331
181,29,hxFXZ4YB5oc,297,300
182,21,7J0lys5pOG8,734,737
183,33,mk8ZI7kftLY,658,661
184,3,3kFX9ejMbM8,722,725
185,34,Jq_-ZDz2N8w,70,73
186,33,mk8ZI7kftLY,310,313
187,25,MngxUlEOhxM,394,397
188,33,mk8ZI7kftLY,340,343
189,25,MngxUlEOhxM,373,376
190,22,qduAK_FeObQ,302,305
191,17,JkGx1vojCDM,538,541
192,27,zuYqN8hy800,491,494
193,0,Na5vejwaJQA,417,420
194,1,uRM0yMF0AtQ,696,699
195,34,Jq_-ZDz2N8w,466,469
196,5,udtN_TRUK0I,192,195
197,29,hxFXZ4YB5oc,327,330
198,4,_t-4M4Q6pTk,414,417
199,18,em1FW2FjaCM,679,682
200,25,MngxUlEOhxM,748,751
201,25,MngxUlEOhxM,436,439
202,7,XD4jbio1mfc,591,594
203,15,tQPI3TqdCaA,218,221
204,25,MngxUlEOhxM,352,355
205,34,Jq_-ZDz2N8w,469,472
206,24,261-jFGpYRo,549,552
207,27,zuYqN8hy800,245,248
208,28,DpH0KB4Q390,372,375
209,15,tQPI3TqdCaA,437,440
210,26,I594xLug_PE,58,61
211,9,6nhHzIg6Fqk,407,410
212,33,mk8ZI7kftLY,430,433
213,10,KNNF9Sznwlk,509,512
214,4,_t-4M4Q6pTk,711,714
215,5,udtN_TRUK0I,666,669
216,34,Jq_-ZDz2N8w,526,529
217,21,7J0lys5pOG8,188,191
218,0,Na5vejwaJQA,528,531
219,28,DpH0KB4Q390,183,186
220,27,zuYqN8hy800,380,383
221,15,tQPI3TqdCaA,278,281
222,20,xveNdOQ4_vM,267,270
223,25,MngxUlEOhxM,304,307
224,21,7J0lys5pOG8,653,656
225,20,xveNdOQ4_vM,156,159
226,33,mk8ZI7kftLY,349,352
227,21,7J0lys5pOG8,683,686
228,2,ccJLRXm9iXw,577,580
229,2,ccJLRXm9iXw,376,379
230,18,em1FW2FjaCM,1039,1042
231,34,Jq_-ZDz2N8w,226,229
232,24,261-jFGpYRo,402,405
233,18,em1FW2FjaCM,604,607
234,19,9puQp_MhFpo,481,484
235,10,KNNF9Sznwlk,158,161
236,28,DpH0KB4Q390,309,312
237,34,Jq_-ZDz2N8w,127,130
238,26,I594xLug_PE,268,271
239,7,XD4jbio1mfc,750,753
240,26,I594xLug_PE,136,139
241,17,JkGx1vojCDM,793,796
242,14,VH3evagLbCU,512,515
243,25,MngxUlEOhxM,841,844
244,17,JkGx1vojCDM,178,181
245,0,Na5vejwaJQA,273,276
246,20,xveNdOQ4_vM,207,210
247,15,tQPI3TqdCaA,143,146
248,2,ccJLRXm9iXw,130,133
249,9,6nhHzIg6Fqk,422,425
250,22,qduAK_FeObQ,461,464
251,1,uRM0yMF0AtQ,666,669
252,25,MngxUlEOhxM,286,289
253,12,YQ0F8sHpjVI,309,312
254,26,I594xLug_PE,67,70
255,8,qduAK_FeObQ,464,467
256,28,DpH0KB4Q390,432,435
257,9,6nhHzIg6Fqk,158,161
258,14,VH3evagLbCU,503,506
259,24,261-jFGpYRo,630,633
260,28,DpH0KB4Q390,267,270
261,30,0Mr1JRgOL6A,102,105
262,21,7J0lys5pOG8,761,764
263,7,XD4jbio1mfc,855,858
264,21,7J0lys5pOG8,701,704
265,33,mk8ZI7kftLY,304,307
266,33,mk8ZI7kftLY,346,349
267,33,mk8ZI7kftLY,130,133
268,29,hxFXZ4YB5oc,354,357
269,26,I594xLug_PE,319,322
270,17,JkGx1vojCDM,559,562
271,25,MngxUlEOhxM,520,523
272,21,7J0lys5pOG8,536,539
273,32,zeG2M5hEKps,392,395
274,25,MngxUlEOhxM,16,19
275,27,zuYqN8hy800,152,155
276,27,zuYqN8hy800,338,341
277,31,YymXdnfrMXQ,543,546
278,25,MngxUlEOhxM,532,535
279,20,xveNdOQ4_vM,321,324
280,25,MngxUlEOhxM,427,430
281,33,mk8ZI7kftLY,148,151
282,32,zeG2M5hEKps,290,293
283,29,hxFXZ4YB5oc,258,261
284,24,261-jFGpYRo,624,627
285,10,KNNF9Sznwlk,473,476
286,29,hxFXZ4YB5oc,441,444
287,12,YQ0F8sHpjVI,210,213
288,0,Na5vejwaJQA,309,312
289,34,Jq_-ZDz2N8w,271,274
290,1,uRM0yMF0AtQ,819,822
291,1,uRM0yMF0AtQ,624,627
292,32,zeG2M5hEKps,149,152
293,31,YymXdnfrMXQ,516,519
294,1,uRM0yMF0AtQ,927,930
295,27,zuYqN8hy800,95,98
296,15,tQPI3TqdCaA,413,416
297,32,zeG2M5hEKps,359,362
298,9,6nhHzIg6Fqk,455,458
299,20,xveNdOQ4_vM,585,588
300,34,Jq_-ZDz2N8w,598,601
301,34,Jq_-ZDz2N8w,370,373
302,2,ccJLRXm9iXw,397,400
303,7,XD4jbio1mfc,336,339
304,9,6nhHzIg6Fqk,443,446
305,34,Jq_-ZDz2N8w,265,268
306,16,M3BCVZ4WVHM,218,221
307,32,zeG2M5hEKps,557,560
308,12,YQ0F8sHpjVI,450,453
309,17,JkGx1vojCDM,604,607
310,13,ojcv8wYK53k,203,206
311,3,3kFX9ejMbM8,383,386
312,20,xveNdOQ4_vM,195,198
313,15,tQPI3TqdCaA,431,434
314,25,MngxUlEOhxM,88,91
315,21,7J0lys5pOG8,353,356
316,9,6nhHzIg6Fqk,314,317
317,28,DpH0KB4Q390,501,504
318,33,mk8ZI7kftLY,178,181
319,32,zeG2M5hEKps,551,554
320,16,M3BCVZ4WVHM,521,524
321,6,Xs9D-FJ3RvY,559,562
322,15,tQPI3TqdCaA,629,632
323,21,7J0lys5pOG8,635,638
324,25,MngxUlEOhxM,124,127
325,10,KNNF9Sznwlk,338,341
326,32,zeG2M5hEKps,272,275
327,7,XD4jbio1mfc,783,786
328,27,zuYqN8hy800,359,362
329,32,zeG2M5hEKps,200,203
330,30,0Mr1JRgOL6A,243,246
331,18,em1FW2FjaCM,928,931
332,23,xG_aqa94TD8,96,99
333,25,MngxUlEOhxM,256,259
334,0,Na5vejwaJQA,312,315
335,26,I594xLug_PE,286,289
336,25,MngxUlEOhxM,433,436
337,0,Na5vejwaJQA,351,354
338,6,Xs9D-FJ3RvY,286,289
339,25,MngxUlEOhxM,616,619
340,16,M3BCVZ4WVHM,593,596
341,15,tQPI3TqdCaA,524,527
342,14,VH3evagLbCU,302,305
343,2,ccJLRXm9iXw,238,241
344,30,0Mr1JRgOL6A,51,54
345,12,YQ0F8sHpjVI,243,246
346,16,M3BCVZ4WVHM,668,671
347,16,M3BCVZ4WVHM,563,566
348,10,KNNF9Sznwlk,218,221
349,9,6nhHzIg6Fqk,458,461
350,12,YQ0F8sHpjVI,531,534
351,6,Xs9D-FJ3RvY,562,565
352,33,mk8ZI7kftLY,142,145
353,34,Jq_-ZDz2N8w,463,466
354,25,MngxUlEOhxM,472,475
355,25,MngxUlEOhxM,451,454
356,12,YQ0F8sHpjVI,498,501
357,1,uRM0yMF0AtQ,936,939
358,34,Jq_-ZDz2N8w,133,136
359,12,YQ0F8sHpjVI,687,690
360,25,MngxUlEOhxM,196,199
361,22,qduAK_FeObQ,389,392
362,32,zeG2M5hEKps,125,128
363,14,VH3evagLbCU,173,176
364,25,MngxUlEOhxM,46,49
365,32,zeG2M5hEKps,662,665
366,25,MngxUlEOhxM,271,274
367,9,6nhHzIg6Fqk,428,431
368,32,zeG2M5hEKps,323,326
369,28,DpH0KB4Q390,342,345
370,32,zeG2M5hEKps,203,206
371,33,mk8ZI7kftLY,508,511
372,32,zeG2M5hEKps,296,299
373,24,261-jFGpYRo,201,204
374,21,7J0lys5pOG8,479,482
375,34,Jq_-ZDz2N8w,394,397
376,9,6nhHzIg6Fqk,215,218
377,1,uRM0yMF0AtQ,798,801
378,30,0Mr1JRgOL6A,336,339
379,34,Jq_-ZDz2N8w,220,223
380,18,em1FW2FjaCM,1018,1021
381,33,mk8ZI7kftLY,325,328
382,21,7J0lys5pOG8,344,347
383,20,xveNdOQ4_vM,411,414
384,2,ccJLRXm9iXw,208,211
385,10,KNNF9Sznwlk,281,284
386,4,_t-4M4Q6pTk,762,765
387,25,MngxUlEOhxM,343,346
388,32,zeG2M5hEKps,116,119
389,24,261-jFGpYRo,309,312
390,22,qduAK_FeObQ,413,416
391,9,6nhHzIg6Fqk,395,398
392,2,ccJLRXm9iXw,652,655
393,7,XD4jbio1mfc,726,729
394,33,mk8ZI7kftLY,532,535
395,34,Jq_-ZDz2N8w,661,664
396,25,MngxUlEOhxM,481,484
397,30,0Mr1JRgOL6A,252,255
398,28,DpH0KB4Q390,489,492
399,10,KNNF9Sznwlk,299,302
400,24,261-jFGpYRo,585,588
401,33,mk8ZI7kftLY,103,106
402,21,7J0lys5pOG8,704,707
403,27,zuYqN8hy800,239,242
404,14,VH3evagLbCU,203,206
405,34,Jq_-ZDz2N8w,613,616
406,25,MngxUlEOhxM,379,382
407,19,9puQp_MhFpo,346,349
408,25,MngxUlEOhxM,199,202
409,7,XD4jbio1mfc,795,798
410,7,XD4jbio1mfc,651,654
411,25,MngxUlEOhxM,931,934
412,34,Jq_-ZDz2N8w,76,79
413,27,zuYqN8hy800,98,101
414,33,mk8ZI7kftLY,550,553
415,10,KNNF9Sznwlk,272,275
416,4,_t-4M4Q6pTk,732,735
417,32,zeG2M5hEKps,146,149
418,9,6nhHzIg6Fqk,212,215
419,32,zeG2M5hEKps,554,557
420,9,6nhHzIg6Fqk,527,530
421,20,xveNdOQ4_vM,291,294
422,25,MngxUlEOhxM,949,952
423,10,KNNF9Sznwlk,161,164
424,32,zeG2M5hEKps,419,422
425,14,VH3evagLbCU,368,371
426,13,ojcv8wYK53k,368,371
427,21,7J0lys5pOG8,533,536
428,16,M3BCVZ4WVHM,401,404
429,14,VH3evagLbCU,425,428
430,8,qduAK_FeObQ,284,287
431,21,7J0lys5pOG8,437,440
432,24,261-jFGpYRo,306,309
433,7,XD4jbio1mfc,828,831
434,34,Jq_-ZDz2N8w,385,388
435,13,ojcv8wYK53k,479,482
436,12,YQ0F8sHpjVI,387,390
437,28,DpH0KB4Q390,303,306
438,34,Jq_-ZDz2N8w,547,550
439,7,XD4jbio1mfc,663,666
440,24,261-jFGpYRo,204,207
441,34,Jq_-ZDz2N8w,460,463
442,20,xveNdOQ4_vM,399,402
443,14,VH3evagLbCU,113,116
444,21,7J0lys5pOG8,131,134
445,9,6nhHzIg6Fqk,548,551
446,2,ccJLRXm9iXw,115,118
447,21,7J0lys5pOG8,656,659
448,19,9puQp_MhFpo,577,580
449,13,ojcv8wYK53k,290,293
450,25,MngxUlEOhxM,862,865
451,27,zuYqN8hy800,308,311
452,33,mk8ZI7kftLY,472,475
453,0,Na5vejwaJQA,588,591
454,12,YQ0F8sHpjVI,597,600
455,25,MngxUlEOhxM,703,706
456,12,YQ0F8sHpjVI,372,375
457,32,zeG2M5hEKps,488,491
458,22,qduAK_FeObQ,485,488
459,17,JkGx1vojCDM,691,694
460,20,xveNdOQ4_vM,384,387
461,25,MngxUlEOhxM,805,808
462,9,6nhHzIg6Fqk,350,353
463,29,hxFXZ4YB5oc,330,333
464,3,3kFX9ejMbM8,281,284
465,20,xveNdOQ4_vM,174,177
466,16,M3BCVZ4WVHM,497,500
467,12,YQ0F8sHpjVI,600,603
468,27,zuYqN8hy800,131,134
469,8,qduAK_FeObQ,530,533
470,25,MngxUlEOhxM,973,976
471,7,XD4jbio1mfc,744,747
472,21,7J0lys5pOG8,137,140
473,27,zuYqN8hy800,485,488
474,33,mk8ZI7kftLY,214,217
475,17,JkGx1vojCDM,208,211
476,25,MngxUlEOhxM,769,772
477,14,VH3evagLbCU,476,479
478,9,6nhHzIg6Fqk,227,230
479,17,JkGx1vojCDM,754,757
480,16,M3BCVZ4WVHM,509,512
481,21,7J0lys5pOG8,542,545
482,16,M3BCVZ4WVHM,377,380
483,23,xG_aqa94TD8,339,342
484,25,MngxUlEOhxM,355,358
485,8,qduAK_FeObQ,425,428
486,0,Na5vejwaJQA,477,480
487,14,VH3evagLbCU,575,578
488,29,hxFXZ4YB5oc,564,567
489,21,7J0lys5pOG8,272,275
490,7,XD4jbio1mfc,360,363
491,32,zeG2M5hEKps,506,509
492,9,6nhHzIg6Fqk,542,545
493,20,xveNdOQ4_vM,198,201
494,23,xG_aqa94TD8,78,81
495,17,JkGx1vojCDM,535,538
496,25,MngxUlEOhxM,274,277
497,12,YQ0F8sHpjVI,333,336
498,2,ccJLRXm9iXw,520,523
499,25,MngxUlEOhxM,301,304
500,16,M3BCVZ4WVHM,371,374
501,25,MngxUlEOhxM,478,481
502,21,7J0lys5pOG8,521,524
503,16,M3BCVZ4WVHM,707,710
504,7,XD4jbio1mfc,516,519
505,3,3kFX9ejMbM8,704,707
506,34,Jq_-ZDz2N8w,346,349
507,24,261-jFGpYRo,645,648
508,12,YQ0F8sHpjVI,663,666
509,20,xveNdOQ4_vM,408,411
510,17,JkGx1vojCDM,790,793
511,9,6nhHzIg6Fqk,317,320
512,20,xveNdOQ4_vM,183,186
513,19,9puQp_MhFpo,493,496
514,32,zeG2M5hEKps,260,263
515,17,JkGx1vojCDM,823,826
516,9,6nhHzIg6Fqk,482,485
517,2,ccJLRXm9iXw,658,661
518,24,261-jFGpYRo,300,303
519,21,7J0lys5pOG8,800,803
520,27,zuYqN8hy800,299,302
521,17,JkGx1vojCDM,283,286
522,17,JkGx1vojCDM,421,424
523,14,VH3evagLbCU,134,137
524,34,Jq_-ZDz2N8w,172,175
525,7,XD4jbio1mfc,864,867
526,15,tQPI3TqdCaA,368,371
527,12,YQ0F8sHpjVI,477,480
528,21,7J0lys5pOG8,617,620
529,9,6nhHzIg6Fqk,512,515
530,25,MngxUlEOhxM,589,592
531,33,mk8ZI7kftLY,67,70
532,23,xG_aqa94TD8,366,369
533,7,XD4jbio1mfc,552,555
534,34,Jq_-ZDz2N8w,604,607
535,9,6nhHzIg6Fqk,518,521
536,30,0Mr1JRgOL6A,63,66
537,28,DpH0KB4Q390,240,243
538,15,tQPI3TqdCaA,419,422
539,10,KNNF9Sznwlk,380,383
540,25,MngxUlEOhxM,487,490
541,13,ojcv8wYK53k,533,536
542,29,hxFXZ4YB5oc,438,441
543,25,MngxUlEOhxM,895,898
544,25,MngxUlEOhxM,883,886
545,1,uRM0yMF0AtQ,594,597
546,9,6nhHzIg6Fqk,260,263
547,1,uRM0yMF0AtQ,660,663
548,24,261-jFGpYRo,540,543
549,34,Jq_-ZDz2N8w,610,613
550,12,YQ0F8sHpjVI,195,198
551,28,DpH0KB4Q390,168,171
552,31,YymXdnfrMXQ,471,474
553,21,7J0lys5pOG8,620,623
554,0,Na5vejwaJQA,186,189
555,32,zeG2M5hEKps,413,416
556,16,M3BCVZ4WVHM,440,443
557,14,VH3evagLbCU,149,152
558,28,DpH0KB4Q390,387,390
559,32,zeG2M5hEKps,512,515
560,32,zeG2M5hEKps,602,605
561,34,Jq_-ZDz2N8w,109,112
562,13,ojcv8wYK53k,212,215
563,15,tQPI3TqdCaA,584,587
564,33,mk8ZI7kftLY,58,61
565,32,zeG2M5hEKps,467,470
566,18,em1FW2FjaCM,634,637
567,24,261-jFGpYRo,513,516
568,27,zuYqN8hy800,446,449
569,2,ccJLRXm9iXw,673,676
570,32,zeG2M5hEKps,335,338
571,7,XD4jbio1mfc,675,678
572,15,tQPI3TqdCaA,668,671
573,34,Jq_-ZDz2N8w,316,319
574,2,ccJLRXm9iXw,379,382
575,12,YQ0F8sHpjVI,423,426
576,25,MngxUlEOhxM,85,88
577,34,Jq_-ZDz2N8w,253,256
578,9,6nhHzIg6Fqk,311,314
579,20,xveNdOQ4_vM,357,360
580,6,Xs9D-FJ3RvY,448,451
581,25,MngxUlEOhxM,229,232
582,25,MngxUlEOhxM,40,43
583,20,xveNdOQ4_vM,171,174
584,13,ojcv8wYK53k,371,374
585,24,261-jFGpYRo,525,528
586,13,ojcv8wYK53k,182,185
587,13,ojcv8wYK53k,404,407
588,23,xG_aqa94TD8,309,312
589,0,Na5vejwaJQA,507,510
590,27,zuYqN8hy800,296,299
591,3,3kFX9ejMbM8,725,728
592,14,VH3evagLbCU,509,512
593,24,261-jFGpYRo,546,549
594,7,XD4jbio1mfc,582,585
595,4,_t-4M4Q6pTk,381,384
596,1,uRM0yMF0AtQ,597,600
597,26,I594xLug_PE,229,232
598,13,ojcv8wYK53k,470,473
599,20,xveNdOQ4_vM,507,510
600,18,em1FW2FjaCM,898,901
601,28,DpH0KB4Q390,414,417
602,17,JkGx1vojCDM,544,547
603,29,hxFXZ4YB5oc,486,489
604,16,M3BCVZ4WVHM,404,407
605,23,xG_aqa94TD8,249,252
606,31,YymXdnfrMXQ,246,249
607,2,ccJLRXm9iXw,250,253
608,34,Jq_-ZDz2N8w,79,82
609,25,MngxUlEOhxM,910,913
610,25,MngxUlEOhxM,901,904
611,1,uRM0yMF0AtQ,768,771
612,23,xG_aqa94TD8,228,231
613,4,_t-4M4Q6pTk,399,402
614,14,VH3evagLbCU,146,149
615,9,6nhHzIg6Fqk,416,419
616,25,MngxUlEOhxM,19,22
617,9,6nhHzIg6Fqk,143,146
618,17,JkGx1vojCDM,733,736
619,25,MngxUlEOhxM,892,895
620,7,XD4jbio1mfc,468,471
621,5,udtN_TRUK0I,459,462
622,12,YQ0F8sHpjVI,579,582
623,21,7J0lys5pOG8,737,740
624,9,6nhHzIg6Fqk,128,131
625,12,YQ0F8sHpjVI,492,495
626,1,uRM0yMF0AtQ,900,903
627,14,VH3evagLbCU,215,218
628,15,tQPI3TqdCaA,203,206
629,25,MngxUlEOhxM,541,544
630,33,mk8ZI7kftLY,655,658
631,20,xveNdOQ4_vM,168,171
632,17,JkGx1vojCDM,379,382
633,11,LjNUQ4zjHp8,250,253
634,17,JkGx1vojCDM,268,271
635,17,JkGx1vojCDM,217,220
636,20,xveNdOQ4_vM,210,213
637,10,KNNF9Sznwlk,287,290
638,25,MngxUlEOhxM,811,814
639,2,ccJLRXm9iXw,313,316
640,29,hxFXZ4YB5oc,51,54
641,32,zeG2M5hEKps,596,599
642,8,qduAK_FeObQ,377,380
643,5,udtN_TRUK0I,528,531
644,21,7J0lys5pOG8,824,827
645,26,I594xLug_PE,139,142
646,24,261-jFGpYRo,429,432
647,32,zeG2M5hEKps,155,158
648,25,MngxUlEOhxM,835,838
649,32,zeG2M5hEKps,386,389
650,25,MngxUlEOhxM,139,142
651,14,VH3evagLbCU,467,470
652,17,JkGx1vojCDM,259,262
653,33,mk8ZI7kftLY,637,640
654,34,Jq_-ZDz2N8w,202,205
655,16,M3BCVZ4WVHM,452,455
656,7,XD4jbio1mfc,693,696
657,16,M3BCVZ4WVHM,500,503
658,3,3kFX9ejMbM8,569,572
659,7,XD4jbio1mfc,882,885
660,17,JkGx1vojCDM,337,340
661,34,Jq_-ZDz2N8w,580,583
662,2,ccJLRXm9iXw,712,715
663,24,261-jFGpYRo,627,630
664,25,MngxUlEOhxM,538,541
665,27,zuYqN8hy800,77,80
666,21,7J0lys5pOG8,563,566
667,27,zuYqN8hy800,182,185
668,32,zeG2M5hEKps,638,641
669,34,Jq_-ZDz2N8w,589,592
670,21,7J0lys5pOG8,227,230
671,7,XD4jbio1mfc,510,513
672,7,XD4jbio1mfc,513,516
673,28,DpH0KB4Q390,261,264
674,28,DpH0KB4Q390,264,267
675,34,Jq_-ZDz2N8w,121,124
676,6,Xs9D-FJ3RvY,184,187
677,29,hxFXZ4YB5oc,270,273
678,7,XD4jbio1mfc,831,834
679,0,Na5vejwaJQA,276,279
680,28,DpH0KB4Q390,324,327
681,24,261-jFGpYRo,135,138
682,4,_t-4M4Q6pTk,537,540
683,17,JkGx1vojCDM,439,442
684,10,KNNF9Sznwlk,353,356
685,33,mk8ZI7kftLY,592,595
686,25,MngxUlEOhxM,832,835
687,34,Jq_-ZDz2N8w,445,448
688,10,KNNF9Sznwlk,173,176
689,27,zuYqN8hy800,194,197
690,21,7J0lys5pOG8,884,887
691,16,M3BCVZ4WVHM,431,434
692,34,Jq_-ZDz2N8w,424,427
693,25,MngxUlEOhxM,430,433
694,21,7J0lys5pOG8,251,254
695,12,YQ0F8sHpjVI,357,360
696,32,zeG2M5hEKps,635,638
697,32,zeG2M5hEKps,503,506
698,21,7J0lys5pOG8,170,173
699,27,zuYqN8hy800,542,545
700,13,ojcv8wYK53k,452,455
701,19,9puQp_MhFpo,307,310
702,10,KNNF9Sznwlk,125,128
703,18,em1FW2FjaCM,973,976
704,33,mk8ZI7kftLY,328,331
705,20,xveNdOQ4_vM,270,273
706,12,YQ0F8sHpjVI,678,681
707,2,ccJLRXm9iXw,247,250
708,8,qduAK_FeObQ,485,488
709,34,Jq_-ZDz2N8w,433,436
710,25,MngxUlEOhxM,880,883
711,34,Jq_-ZDz2N8w,355,358
712,33,mk8ZI7kftLY,223,226
713,12,YQ0F8sHpjVI,438,441
714,29,hxFXZ4YB5oc,537,540
715,9,6nhHzIg6Fqk,302,305
716,14,VH3evagLbCU,365,368
717,34,Jq_-ZDz2N8w,361,364
718,1,uRM0yMF0AtQ,534,537
719,34,Jq_-ZDz2N8w,154,157
720,21,7J0lys5pOG8,296,299
721,25,MngxUlEOhxM,763,766
722,33,mk8ZI7kftLY,604,607
723,27,zuYqN8hy800,392,395
724,18,em1FW2FjaCM,994,997
725,25,MngxUlEOhxM,853,856
726,20,xveNdOQ4_vM,240,243
727,32,zeG2M5hEKps,443,446
728,27,zuYqN8hy800,350,353
729,0,Na5vejwaJQA,189,192
730,34,Jq_-ZDz2N8w,325,328
731,28,DpH0KB4Q390,243,246
732,7,XD4jbio1mfc,333,336
733,16,M3BCVZ4WVHM,566,569
734,27,zuYqN8hy800,146,149
735,15,tQPI3TqdCaA,530,533
736,28,DpH0KB4Q390,213,216
737,27,zuYqN8hy800,110,113
738,14,VH3evagLbCU,209,212
739,32,zeG2M5hEKps,545,548
740,6,Xs9D-FJ3RvY,295,298
741,33,mk8ZI7kftLY,514,517
742,4,_t-4M4Q6pTk,495,498
743,34,Jq_-ZDz2N8w,352,355
744,21,7J0lys5pOG8,464,467
745,31,YymXdnfrMXQ,234,237
746,25,MngxUlEOhxM,586,589
747,27,zuYqN8hy800,377,380
748,22,qduAK_FeObQ,551,554
749,25,MngxUlEOhxM,388,391
750,23,xG_aqa94TD8,285,288
751,32,zeG2M5hEKps,254,257
752,17,JkGx1vojCDM,664,667
753,2,ccJLRXm9iXw,493,496
754,8,qduAK_FeObQ,527,530
755,28,DpH0KB4Q390,135,138
756,6,Xs9D-FJ3RvY,364,367
757,24,261-jFGpYRo,216,219
758,25,MngxUlEOhxM,460,463
759,3,3kFX9ejMbM8,527,530
760,29,hxFXZ4YB5oc,531,534
761,0,Na5vejwaJQA,480,483
762,29,hxFXZ4YB5oc,279,282
763,32,zeG2M5hEKps,86,89
764,21,7J0lys5pOG8,530,533
765,16,M3BCVZ4WVHM,278,281
766,10,KNNF9Sznwlk,317,320
767,26,I594xLug_PE,166,169
768,27,zuYqN8hy800,179,182
769,33,mk8ZI7kftLY,553,556
770,34,Jq_-ZDz2N8w,292,295
771,20,xveNdOQ4_vM,339,342
772,7,XD4jbio1mfc,822,825
773,25,MngxUlEOhxM,334,337
774,22,qduAK_FeObQ,410,413
775,9,6nhHzIg6Fqk,356,359
776,32,zeG2M5hEKps,548,551
777,2,ccJLRXm9iXw,259,262
778,15,tQPI3TqdCaA,548,551
779,1,uRM0yMF0AtQ,519,522
780,25,MngxUlEOhxM,964,967
781,9,6nhHzIg6Fqk,569,572
782,25,MngxUlEOhxM,184,187
783,4,_t-4M4Q6pTk,708,711
784,34,Jq_-ZDz2N8w,631,634
785,33,mk8ZI7kftLY,202,205
786,32,zeG2M5hEKps,206,209
787,14,VH3evagLbCU,353,356
788,4,_t-4M4Q6pTk,198,201
789,27,zuYqN8hy800,83,86
790,19,9puQp_MhFpo,730,733
791,32,zeG2M5hEKps,107,110
792,25,MngxUlEOhxM,79,82
793,34,Jq_-ZDz2N8w,649,652
794,14,VH3evagLbCU,230,233
795,27,zuYqN8hy800,224,227
796,33,mk8ZI7kftLY,151,154
797,20,xveNdOQ4_vM,132,135
798,33,mk8ZI7kftLY,640,643
799,3,3kFX9ejMbM8,272,275
800,33,mk8ZI7kftLY,526,529
801,25,MngxUlEOhxM,859,862
802,2,ccJLRXm9iXw,352,355
803,14,VH3evagLbCU,587,590
804,16,M3BCVZ4WVHM,464,467
805,7,XD4jbio1mfc,732,735
806,25,MngxUlEOhxM,259,262
807,2,ccJLRXm9iXw,109,112
808,21,7J0lys5pOG8,185,188
809,26,I594xLug_PE,55,58
810,8,qduAK_FeObQ,443,446
811,9,6nhHzIg6Fqk,164,167
812,19,9puQp_MhFpo,745,748
813,6,Xs9D-FJ3RvY,580,583
814,34,Jq_-ZDz2N8w,484,487
815,23,xG_aqa94TD8,363,366
816,25,MngxUlEOhxM,847,850
817,15,tQPI3TqdCaA,455,458
818,12,YQ0F8sHpjVI,366,369
819,21,7J0lys5pOG8,248,251
820,0,Na5vejwaJQA,429,432
821,32,zeG2M5hEKps,188,191
822,21,7J0lys5pOG8,128,131
823,15,tQPI3TqdCaA,620,623
824,1,uRM0yMF0AtQ,486,489
825,1,uRM0yMF0AtQ,930,933
826,12,YQ0F8sHpjVI,513,516
827,4,_t-4M4Q6pTk,786,789
828,2,ccJLRXm9iXw,298,301
829,24,261-jFGpYRo,651,654
830,12,YQ0F8sHpjVI,246,249
831,6,Xs9D-FJ3RvY,208,211
832,27,zuYqN8hy800,149,152
833,33,mk8ZI7kftLY,562,565
834,34,Jq_-ZDz2N8w,229,232
835,7,XD4jbio1mfc,867,870
836,16,M3BCVZ4WVHM,200,203
837,3,3kFX9ejMbM8,449,452
838,25,MngxUlEOhxM,310,313
839,17,JkGx1vojCDM,568,571
840,21,7J0lys5pOG8,677,680
841,25,MngxUlEOhxM,61,64
842,17,JkGx1vojCDM,787,790
843,9,6nhHzIg6Fqk,131,134
844,17,JkGx1vojCDM,580,583
845,25,MngxUlEOhxM,559,562
846,21,7J0lys5pOG8,458,461
847,12,YQ0F8sHpjVI,255,258
848,16,M3BCVZ4WVHM,224,227
849,28,DpH0KB4Q390,363,366
850,17,JkGx1vojCDM,640,643
851,21,7J0lys5pOG8,161,164
852,33,mk8ZI7kftLY,634,637
853,34,Jq_-ZDz2N8w,532,535
854,18,em1FW2FjaCM,820,823
855,15,tQPI3TqdCaA,617,620
856,32,zeG2M5hEKps,191,194
857,6,Xs9D-FJ3RvY,478,481
858,25,MngxUlEOhxM,58,61
859,5,udtN_TRUK0I,228,231
860,32,zeG2M5hEKps,674,677
861,25,MngxUlEOhxM,403,406
862,18,em1FW2FjaCM,652,655
863,8,qduAK_FeObQ,557,560
864,34,Jq_-ZDz2N8w,388,391
865,32,zeG2M5hEKps,173,176
866,4,_t-4M4Q6pTk,543,546
867,9,6nhHzIg6Fqk,494,497
868,5,udtN_TRUK0I,423,426
869,11,LjNUQ4zjHp8,238,241
870,17,JkGx1vojCDM,595,598
871,29,hxFXZ4YB5oc,243,246
872,4,_t-4M4Q6pTk,477,480
873,31,YymXdnfrMXQ,27,30
874,32,zeG2M5hEKps,644,647
875,14,VH3evagLbCU,299,302
876,16,M3BCVZ4WVHM,632,635
877,34,Jq_-ZDz2N8w,595,598
878,8,qduAK_FeObQ,302,305
879,21,7J0lys5pOG8,869,872
880,34,Jq_-ZDz2N8w,655,658
881,27,zuYqN8hy800,92,95
882,30,0Mr1JRgOL6A,327,330
883,20,xveNdOQ4_vM,390,393
884,9,6nhHzIg6Fqk,539,542
885,21,7J0lys5pOG8,425,428
886,15,tQPI3TqdCaA,470,473
887,28,DpH0KB4Q390,249,252
888,8,qduAK_FeObQ,392,395
889,34,Jq_-ZDz2N8w,592,595
890,19,9puQp_MhFpo,541,544
891,25,MngxUlEOhxM,100,103
892,25,MngxUlEOhxM,982,985
893,33,mk8ZI7kftLY,220,223
894,17,JkGx1vojCDM,460,463
895,21,7J0lys5pOG8,497,500
896,34,Jq_-ZDz2N8w,415,418
897,34,Jq_-ZDz2N8w,232,235
898,32,zeG2M5hEKps,458,461
899,27,zuYqN8hy800,587,590
900,25,MngxUlEOhxM,889,892
901,25,MngxUlEOhxM,622,625
902,20,xveNdOQ4_vM,597,600
903,6,Xs9D-FJ3RvY,412,415
904,13,ojcv8wYK53k,530,533
905,25,MngxUlEOhxM,967,970
906,2,ccJLRXm9iXw,733,736
907,33,mk8ZI7kftLY,424,427
908,20,xveNdOQ4_vM,162,165
909,17,JkGx1vojCDM,688,691
910,21,7J0lys5pOG8,899,902
911,24,261-jFGpYRo,288,291
912,33,mk8ZI7kftLY,574,577
913,12,YQ0F8sHpjVI,480,483
914,21,7J0lys5pOG8,368,371
915,26,I594xLug_PE,307,310
916,7,XD4jbio1mfc,357,360
917,32,zeG2M5hEKps,494,497
918,9,6nhHzIg6Fqk,191,194
919,32,zeG2M5hEKps,599,602
920,24,261-jFGpYRo,486,489
921,30,0Mr1JRgOL6A,333,336
922,34,Jq_-ZDz2N8w,427,430
923,16,M3BCVZ4WVHM,698,701
924,33,mk8ZI7kftLY,157,160
925,25,MngxUlEOhxM,409,412
926,16,M3BCVZ4WVHM,239,242
927,33,mk8ZI7kftLY,436,439
928,34,Jq_-ZDz2N8w,148,151
929,25,MngxUlEOhxM,877,880
930,7,XD4jbio1mfc,456,459
931,7,XD4jbio1mfc,600,603
932,4,_t-4M4Q6pTk,726,729
933,17,JkGx1vojCDM,373,376
934,32,zeG2M5hEKps,575,578
935,9,6nhHzIg6Fqk,440,443
936,15,tQPI3TqdCaA,359,362
937,25,MngxUlEOhxM,157,160
938,13,ojcv8wYK53k,407,410
939,12,YQ0F8sHpjVI,534,537
940,12,YQ0F8sHpjVI,618,621
941,27,zuYqN8hy800,407,410
942,23,xG_aqa94TD8,306,309
943,21,7J0lys5pOG8,680,683
944,25,MngxUlEOhxM,232,235
945,7,XD4jbio1mfc,486,489
946,34,Jq_-ZDz2N8w,607,610
947,2,ccJLRXm9iXw,211,214
948,27,zuYqN8hy800,425,428
949,21,7J0lys5pOG8,221,224
950,25,MngxUlEOhxM,613,616
951,1,uRM0yMF0AtQ,558,561
952,27,zuYqN8hy800,539,542
953,24,261-jFGpYRo,198,201
954,29,hxFXZ4YB5oc,123,126
955,25,MngxUlEOhxM,166,169
956,15,tQPI3TqdCaA,281,284
957,25,MngxUlEOhxM,604,607
958,33,mk8ZI7kftLY,109,112
959,14,VH3evagLbCU,557,560
960,4,_t-4M4Q6pTk,396,399
961,32,zeG2M5hEKps,542,545
962,9,6nhHzIg6Fqk,278,281
963,21,7J0lys5pOG8,506,509
964,25,MngxUlEOhxM,628,631
965,13,ojcv8wYK53k,440,443
966,34,Jq_-ZDz2N8w,397,400
967,21,7J0lys5pOG8,416,419
968,13,ojcv8wYK53k,365,368
969,20,xveNdOQ4_vM,549,552
970,25,MngxUlEOhxM,457,460
971,29,hxFXZ4YB5oc,435,438
972,25,MngxUlEOhxM,133,136
973,7,XD4jbio1mfc,408,411
974,2,ccJLRXm9iXw,526,529
975,0,Na5vejwaJQA,561,564
976,24,261-jFGpYRo,618,621
977,15,tQPI3TqdCaA,308,311
978,17,JkGx1vojCDM,769,772
979,14,VH3evagLbCU,305,308
980,0,Na5vejwaJQA,555,558
981,34,Jq_-ZDz2N8w,502,505
982,25,MngxUlEOhxM,340,343
983,7,XD4jbio1mfc,534,537
984,25,MngxUlEOhxM,598,601
985,16,M3BCVZ4WVHM,644,647
986,29,hxFXZ4YB5oc,222,225
987,0,Na5vejwaJQA,195,198
988,26,I594xLug_PE,79,82
989,15,tQPI3TqdCaA,158,161
990,25,MngxUlEOhxM,985,988
991,14,VH3evagLbCU,332,335
992,33,mk8ZI7kftLY,646,649
993,34,Jq_-ZDz2N8w,364,367
994,16,M3BCVZ4WVHM,425,428
995,34,Jq_-ZDz2N8w,82,85
996,12,YQ0F8sHpjVI,201,204
997,6,Xs9D-FJ3RvY,283,286
998,0,Na5vejwaJQA,138,141
999,12,YQ0F8sHpjVI,156,159
1000,1,uRM0yMF0AtQ,843,846
1001,2,ccJLRXm9iXw,514,517
1002,32,zeG2M5hEKps,398,401
1003,25,MngxUlEOhxM,574,577
1004,9,6nhHzIg6Fqk,140,143
1005,25,MngxUlEOhxM,922,925
1006,16,M3BCVZ4WVHM,539,542
1007,32,zeG2M5hEKps,284,287
1008,9,6nhHzIg6Fqk,137,140
1009,27,zuYqN8hy800,269,272
1010,15,tQPI3TqdCaA,179,182
1011,32,zeG2M5hEKps,530,533
1012,11,LjNUQ4zjHp8,229,232
1013,17,JkGx1vojCDM,748,751
1014,34,Jq_-ZDz2N8w,91,94
1015,28,DpH0KB4Q390,186,189
1016,14,VH3evagLbCU,110,113
1017,15,tQPI3TqdCaA,425,428
1018,2,ccJLRXm9iXw,301,304
1019,21,7J0lys5pOG8,284,287
1020,15,tQPI3TqdCaA,188,191
1021,1,uRM0yMF0AtQ,447,450
1022,22,qduAK_FeObQ,530,533
1023,34,Jq_-ZDz2N8w,118,121
1024,25,MngxUlEOhxM,637,640
1025,25,MngxUlEOhxM,571,574
1026,27,zuYqN8hy800,305,308
1027,32,zeG2M5hEKps,611,614
1028,25,MngxUlEOhxM,70,73
1029,18,em1FW2FjaCM,742,745
1030,1,uRM0yMF0AtQ,906,909
1031,25,MngxUlEOhxM,445,448
1032,24,261-jFGpYRo,606,609
1033,23,xG_aqa94TD8,264,267
1034,25,MngxUlEOhxM,745,748
1035,26,I594xLug_PE,49,52
1036,34,Jq_-ZDz2N8w,238,241
1037,29,hxFXZ4YB5oc,93,96
1038,20,xveNdOQ4_vM,255,258
1039,32,zeG2M5hEKps,230,233
1040,29,hxFXZ4YB5oc,522,525
1041,12,YQ0F8sHpjVI,495,498
1042,32,zeG2M5hEKps,176,179
1043,34,Jq_-ZDz2N8w,115,118
1044,9,6nhHzIg6Fqk,185,188
1045,33,mk8ZI7kftLY,613,616
1046,25,MngxUlEOhxM,814,817
1047,25,MngxUlEOhxM,505,508
1048,14,VH3evagLbCU,482,485
1049,25,MngxUlEOhxM,364,367
1050,25,MngxUlEOhxM,499,502
1051,17,JkGx1vojCDM,709,712
1052,33,mk8ZI7kftLY,448,451
1053,34,Jq_-ZDz2N8w,625,628
1054,33,mk8ZI7kftLY,268,271
1055,14,VH3evagLbCU,527,530
1056,24,261-jFGpYRo,570,573
1057,24,261-jFGpYRo,432,435
1058,32,zeG2M5hEKps,647,650
1059,15,tQPI3TqdCaA,596,599
1060,6,Xs9D-FJ3RvY,418,421
1061,12,YQ0F8sHpjVI,303,306
1062,22,qduAK_FeObQ,482,485
1063,14,VH3evagLbCU,281,284
1064,32,zeG2M5hEKps,536,539
1065,16,M3BCVZ4WVHM,347,350
1066,17,JkGx1vojCDM,826,829
1067,32,zeG2M5hEKps,692,695
1068,13,ojcv8wYK53k,446,449
1069,33,mk8ZI7kftLY,199,202
1070,25,MngxUlEOhxM,154,157
1071,28,DpH0KB4Q390,120,123
1072,12,YQ0F8sHpjVI,681,684
1073,27,zuYqN8hy800,383,386
1074,6,Xs9D-FJ3RvY,256,259
1075,25,MngxUlEOhxM,838,841
1076,20,xveNdOQ4_vM,216,219
1077,7,XD4jbio1mfc,531,534
1078,14,VH3evagLbCU,554,557
1079,34,Jq_-ZDz2N8w,298,301
1080,16,M3BCVZ4WVHM,713,716
1081,27,zuYqN8hy800,221,224
1082,9,6nhHzIg6Fqk,194,197
1083,29,hxFXZ4YB5oc,294,297
1084,25,MngxUlEOhxM,958,961
1085,34,Jq_-ZDz2N8w,94,97
1086,24,261-jFGpYRo,255,258
1087,12,YQ0F8sHpjVI,516,519
1088,33,mk8ZI7kftLY,583,586
1089,28,DpH0KB4Q390,483,486
1090,17,JkGx1vojCDM,451,454
1091,6,Xs9D-FJ3RvY,511,514
1092,9,6nhHzIg6Fqk,296,299
1093,25,MngxUlEOhxM,241,244
1094,25,MngxUlEOhxM,25,28
1095,4,_t-4M4Q6pTk,300,303
1096,14,VH3evagLbCU,515,518
1097,25,MngxUlEOhxM,463,466
1098,27,zuYqN8hy800,455,458
1099,27,zuYqN8hy800,203,206
1100,33,mk8ZI7kftLY,106,109
1101,23,xG_aqa94TD8,246,249
1102,33,mk8ZI7kftLY,409,412
1103,19,9puQp_MhFpo,358,361
1104,34,Jq_-ZDz2N8w,244,247
1105,27,zuYqN8hy800,551,554
1106,16,M3BCVZ4WVHM,263,266
1107,12,YQ0F8sHpjVI,231,234
1108,31,YymXdnfrMXQ,465,468
1109,12,YQ0F8sHpjVI,174,177
1110,16,M3BCVZ4WVHM,320,323
1111,20,xveNdOQ4_vM,519,522
1112,25,MngxUlEOhxM,583,586
1113,25,MngxUlEOhxM,10,13
1114,0,Na5vejwaJQA,375,378
1115,1,uRM0yMF0AtQ,348,351
1116,33,mk8ZI7kftLY,232,235
1117,29,hxFXZ4YB5oc,459,462
1118,0,Na5vejwaJQA,492,495
1119,25,MngxUlEOhxM,979,982
1120,29,hxFXZ4YB5oc,138,141
1121,27,zuYqN8hy800,464,467
1122,25,MngxUlEOhxM,349,352
1123,15,tQPI3TqdCaA,416,419
1124,9,6nhHzIg6Fqk,179,182
1125,34,Jq_-ZDz2N8w,187,190
1126,28,DpH0KB4Q390,150,153
1127,4,_t-4M4Q6pTk,807,810
1128,15,tQPI3TqdCaA,665,668
1129,27,zuYqN8hy800,452,455
1130,34,Jq_-ZDz2N8w,334,337
1131,12,YQ0F8sHpjVI,267,270
1132,10,KNNF9Sznwlk,377,380
1133,18,em1FW2FjaCM,730,733
1134,2,ccJLRXm9iXw,328,331
1135,17,JkGx1vojCDM,805,808
1136,14,VH3evagLbCU,446,449
1137,27,zuYqN8hy800,533,536
1138,25,MngxUlEOhxM,658,661
1139,26,I594xLug_PE,160,163
1140,14,VH3evagLbCU,470,473
1141,33,mk8ZI7kftLY,250,253
1142,25,MngxUlEOhxM,316,319
1143,4,_t-4M4Q6pTk,741,744
1144,33,mk8ZI7kftLY,685,688
1145,24,261-jFGpYRo,615,618
1146,25,MngxUlEOhxM,766,769
1147,9,6nhHzIg6Fqk,326,329
1148,29,hxFXZ4YB5oc,369,372
1149,9,6nhHzIg6Fqk,491,494
1150,6,Xs9D-FJ3RvY,532,535
1151,21,7J0lys5pOG8,410,413
1152,21,7J0lys5pOG8,434,437
1153,25,MngxUlEOhxM,727,730
1154,32,zeG2M5hEKps,353,356
1155,1,uRM0yMF0AtQ,870,873
1156,16,M3BCVZ4WVHM,221,224
1157,24,261-jFGpYRo,564,567
1158,4,_t-4M4Q6pTk,474,477
1159,32,zeG2M5hEKps,245,248
1160,20,xveNdOQ4_vM,354,357
1161,27,zuYqN8hy800,50,53
1162,25,MngxUlEOhxM,652,655
1163,21,7J0lys5pOG8,269,272
1164,20,xveNdOQ4_vM,381,384
1165,17,JkGx1vojCDM,400,403
1166,28,DpH0KB4Q390,321,324
1167,4,_t-4M4Q6pTk,825,828
1168,15,tQPI3TqdCaA,467,470
1169,27,zuYqN8hy800,473,476
1170,9,6nhHzIg6Fqk,236,239
1171,18,em1FW2FjaCM,622,625
1172,25,MngxUlEOhxM,874,877
1173,34,Jq_-ZDz2N8w,418,421
1174,30,0Mr1JRgOL6A,183,186
1175,20,xveNdOQ4_vM,504,507
1176,25,MngxUlEOhxM,871,874
1177,32,zeG2M5hEKps,485,488
1178,25,MngxUlEOhxM,952,955
1179,25,MngxUlEOhxM,595,598
1180,20,xveNdOQ4_vM,144,147
1181,17,JkGx1vojCDM,553,556
1182,33,mk8ZI7kftLY,187,190
1183,21,7J0lys5pOG8,854,857
1184,7,XD4jbio1mfc,852,855
1185,6,Xs9D-FJ3RvY,196,199
1186,14,VH3evagLbCU,212,215
1187,17,JkGx1vojCDM,361,364
1188,34,Jq_-ZDz2N8w,382,385
1189,34,Jq_-ZDz2N8w,313,316
1190,32,zeG2M5hEKps,641,644
1191,25,MngxUlEOhxM,358,361
1192,34,Jq_-ZDz2N8w,637,640
1193,34,Jq_-ZDz2N8w,412,415
1194,15,tQPI3TqdCaA,647,650
1195,4,_t-4M4Q6pTk,393,396
1196,12,YQ0F8sHpjVI,258,261
1197,15,tQPI3TqdCaA,326,329
1198,6,Xs9D-FJ3RvY,220,223
1199,21,7J0lys5pOG8,584,587
1200,21,7J0lys5pOG8,767,770
1201,25,MngxUlEOhxM,181,184
1202,14,VH3evagLbCU,422,425
1203,25,MngxUlEOhxM,724,727
1204,25,MngxUlEOhxM,145,148
1205,20,xveNdOQ4_vM,147,150
1206,17,JkGx1vojCDM,523,526
1207,5,udtN_TRUK0I,771,774
1208,17,JkGx1vojCDM,343,346
1209,23,xG_aqa94TD8,51,54
1210,15,tQPI3TqdCaA,680,683
1211,1,uRM0yMF0AtQ,459,462
1212,15,tQPI3TqdCaA,449,452
1213,34,Jq_-ZDz2N8w,196,199
1214,25,MngxUlEOhxM,739,742
1215,7,XD4jbio1mfc,555,558
1216,3,3kFX9ejMbM8,278,281
1217,24,261-jFGpYRo,330,333
1218,10,KNNF9Sznwlk,155,158
1219,34,Jq_-ZDz2N8w,283,286
1220,10,KNNF9Sznwlk,329,332
1221,34,Jq_-ZDz2N8w,436,439
1222,17,JkGx1vojCDM,517,520
1223,14,VH3evagLbCU,335,338
1224,1,uRM0yMF0AtQ,840,843
1225,2,ccJLRXm9iXw,727,730
1226,21,7J0lys5pOG8,407,410
1227,24,261-jFGpYRo,597,600
1228,24,261-jFGpYRo,138,141
1229,24,261-jFGpYRo,456,459
1230,24,261-jFGpYRo,177,180
1231,25,MngxUlEOhxM,634,637
1232,28,DpH0KB4Q390,318,321
1233,9,6nhHzIg6Fqk,605,608
1234,25,MngxUlEOhxM,325,328
1235,21,7J0lys5pOG8,518,521
1236,29,hxFXZ4YB5oc,36,39
1237,14,VH3evagLbCU,413,416
1238,15,tQPI3TqdCaA,392,395
1239,14,VH3evagLbCU,260,263
1240,25,MngxUlEOhxM,709,712
1241,20,xveNdOQ4_vM,204,207
1242,28,DpH0KB4Q390,450,453
1243,16,M3BCVZ4WVHM,311,314
1244,24,261-jFGpYRo,186,189
1245,14,VH3evagLbCU,590,593
1246,17,JkGx1vojCDM,286,289
1247,21,7J0lys5pOG8,362,365
1248,25,MngxUlEOhxM,733,736
1249,28,DpH0KB4Q390,408,411
1250,22,qduAK_FeObQ,464,467
1251,20,xveNdOQ4_vM,423,426
1252,25,MngxUlEOhxM,823,826
1253,30,0Mr1JRgOL6A,105,108
1254,6,Xs9D-FJ3RvY,226,229
1255,18,em1FW2FjaCM,907,910
1256,21,7J0lys5pOG8,194,197
1257,27,zuYqN8hy800,53,56
1258,21,7J0lys5pOG8,674,677
1259,24,261-jFGpYRo,384,387
1260,33,mk8ZI7kftLY,619,622
1261,3,3kFX9ejMbM8,656,659
1262,25,MngxUlEOhxM,454,457
1263,27,zuYqN8hy800,89,92
1264,24,261-jFGpYRo,192,195
1265,15,tQPI3TqdCaA,497,500
1266,12,YQ0F8sHpjVI,462,465
1267,34,Jq_-ZDz2N8w,319,322
1268,15,tQPI3TqdCaA,440,443
1269,21,7J0lys5pOG8,398,401
1270,17,JkGx1vojCDM,502,505
1271,13,ojcv8wYK53k,332,335
1272,21,7J0lys5pOG8,155,158
1273,2,ccJLRXm9iXw,721,724
1274,5,udtN_TRUK0I,609,612
1275,10,KNNF9Sznwlk,488,491
1276,25,MngxUlEOhxM,175,178
1277,1,uRM0yMF0AtQ,360,363
1278,28,DpH0KB4Q390,291,294
1279,24,261-jFGpYRo,252,255
1280,20,xveNdOQ4_vM,252,255
1281,10,KNNF9Sznwlk,557,560
1282,24,261-jFGpYRo,501,504
1283,1,uRM0yMF0AtQ,789,792
1284,33,mk8ZI7kftLY,595,598
1285,25,MngxUlEOhxM,697,700
1286,34,Jq_-ZDz2N8w,565,568
1287,15,tQPI3TqdCaA,494,497
1288,1,uRM0yMF0AtQ,669,672
1289,34,Jq_-ZDz2N8w,193,196
1290,1,uRM0yMF0AtQ,630,633
1291,27,zuYqN8hy800,176,179
1292,29,hxFXZ4YB5oc,255,258
1293,21,7J0lys5pOG8,809,812
1294,27,zuYqN8hy800,581,584
1295,34,Jq_-ZDz2N8w,166,169
1296,2,ccJLRXm9iXw,631,634
1297,7,XD4jbio1mfc,615,618
1298,1,uRM0yMF0AtQ,759,762
1299,23,xG_aqa94TD8,147,150
1300,9,6nhHzIg6Fqk,476,479
1301,25,MngxUlEOhxM,253,256
1302,25,MngxUlEOhxM,718,721
1303,9,6nhHzIg6Fqk,551,554
1304,23,xG_aqa94TD8,159,162
1305,33,mk8ZI7kftLY,82,85
1306,25,MngxUlEOhxM,415,418
1307,25,MngxUlEOhxM,97,100
1308,32,zeG2M5hEKps,650,653
1309,14,VH3evagLbCU,290,293
1310,27,zuYqN8hy800,410,413
1311,9,6nhHzIg6Fqk,344,347
1312,12,YQ0F8sHpjVI,234,237
1313,34,Jq_-ZDz2N8w,289,292
1314,17,JkGx1vojCDM,817,820
1315,30,0Mr1JRgOL6A,261,264
1316,28,DpH0KB4Q390,375,378
1317,3,3kFX9ejMbM8,251,254
1318,16,M3BCVZ4WVHM,665,668
1319,10,KNNF9Sznwlk,149,152
1320,33,mk8ZI7kftLY,331,334
1321,0,Na5vejwaJQA,378,381
1322,14,VH3evagLbCU,320,323
1323,26,I594xLug_PE,238,241
1324,6,Xs9D-FJ3RvY,397,400
1325,17,JkGx1vojCDM,376,379
1326,30,0Mr1JRgOL6A,213,216
1327,9,6nhHzIg6Fqk,170,173
1328,24,261-jFGpYRo,159,162
1329,2,ccJLRXm9iXw,661,664
1330,15,tQPI3TqdCaA,626,629
1331,33,mk8ZI7kftLY,649,652
1332,20,xveNdOQ4_vM,468,471
1333,20,xveNdOQ4_vM,462,465
1334,17,JkGx1vojCDM,808,811
1335,32,zeG2M5hEKps,242,245
1336,5,udtN_TRUK0I,258,261
1337,23,xG_aqa94TD8,267,270
1338,14,VH3evagLbCU,131,134
1339,32,zeG2M5hEKps,566,569
1340,25,MngxUlEOhxM,421,424
1341,11,LjNUQ4zjHp8,262,265
1342,19,9puQp_MhFpo,592,595
1343,17,JkGx1vojCDM,736,739
1344,14,VH3evagLbCU,227,230
1345,32,zeG2M5hEKps,524,527
1346,17,JkGx1vojCDM,430,433
1347,21,7J0lys5pOG8,659,662
1348,27,zuYqN8hy800,293,296
1349,6,Xs9D-FJ3RvY,370,373
1350,32,zeG2M5hEKps,404,407
1351,21,7J0lys5pOG8,152,155
1352,15,tQPI3TqdCaA,320,323
1353,34,Jq_-ZDz2N8w,619,622
1354,29,hxFXZ4YB5oc,210,213
1355,13,ojcv8wYK53k,422,425
1356,1,uRM0yMF0AtQ,645,648
1357,23,xG_aqa94TD8,294,297
1358,28,DpH0KB4Q390,246,249
1359,14,VH3evagLbCU,251,254
1360,33,mk8ZI7kftLY,337,340
1361,13,ojcv8wYK53k,443,446
1362,26,I594xLug_PE,124,127
1363,17,JkGx1vojCDM,397,400
1364,1,uRM0yMF0AtQ,852,855
1365,28,DpH0KB4Q390,294,297
1366,1,uRM0yMF0AtQ,897,900
1367,32,zeG2M5hEKps,428,431
1368,20,xveNdOQ4_vM,534,537
1369,25,MngxUlEOhxM,496,499
1370,33,mk8ZI7kftLY,517,520
1371,14,VH3evagLbCU,518,521
1372,1,uRM0yMF0AtQ,330,333
1373,33,mk8ZI7kftLY,385,388
1374,34,Jq_-ZDz2N8w,136,139
1375,25,MngxUlEOhxM,631,634
1376,0,Na5vejwaJQA,585,588
1377,20,xveNdOQ4_vM,453,456
1378,4,_t-4M4Q6pTk,288,291
1379,12,YQ0F8sHpjVI,642,645
1380,33,mk8ZI7kftLY,541,544
1381,19,9puQp_MhFpo,523,526
1382,21,7J0lys5pOG8,554,557
1383,17,JkGx1vojCDM,592,595
1384,25,MngxUlEOhxM,601,604
1385,27,zuYqN8hy800,389,392
1386,25,MngxUlEOhxM,424,427
1387,34,Jq_-ZDz2N8w,160,163
1388,12,YQ0F8sHpjVI,621,624
1389,24,261-jFGpYRo,303,306
1390,27,zuYqN8hy800,578,581
1391,6,Xs9D-FJ3RvY,574,577
1392,10,KNNF9Sznwlk,134,137
1393,1,uRM0yMF0AtQ,933,936
1394,14,VH3evagLbCU,206,209
1395,14,VH3evagLbCU,485,488
1396,33,mk8ZI7kftLY,478,481
1397,23,xG_aqa94TD8,342,345
1398,4,_t-4M4Q6pTk,690,693
1399,23,xG_aqa94TD8,162,165
1400,26,I594xLug_PE,277,280
1401,24,261-jFGpYRo,609,612
1402,33,mk8ZI7kftLY,367,370
1403,9,6nhHzIg6Fqk,521,524
1404,10,KNNF9Sznwlk,170,173
1405,32,zeG2M5hEKps,179,182
1406,15,tQPI3TqdCaA,485,488
1407,7,XD4jbio1mfc,714,717
1408,0,Na5vejwaJQA,123,126
1409,1,uRM0yMF0AtQ,375,378
1410,34,Jq_-ZDz2N8w,286,289
1411,15,tQPI3TqdCaA,428,431
1412,27,zuYqN8hy800,461,464
1413,1,uRM0yMF0AtQ,855,858
1414,23,xG_aqa94TD8,375,378
1415,14,VH3evagLbCU,488,491
1416,13,ojcv8wYK53k,476,479
1417,32,zeG2M5hEKps,410,413
1418,30,0Mr1JRgOL6A,54,57
1419,18,em1FW2FjaCM,931,934
1420,2,ccJLRXm9iXw,214,217
1421,10,KNNF9Sznwlk,404,407
1422,25,MngxUlEOhxM,277,280
1423,2,ccJLRXm9iXw,388,391
1424,10,KNNF9Sznwlk,395,398
1425,24,261-jFGpYRo,636,639
1426,32,zeG2M5hEKps,350,353
1427,25,MngxUlEOhxM,442,445
1428,32,zeG2M5hEKps,605,608
1429,29,hxFXZ4YB5oc,456,459
1430,0,Na5vejwaJQA,438,441
1431,33,mk8ZI7kftLY,418,421
1432,20,xveNdOQ4_vM,456,459
1433,33,mk8ZI7kftLY,382,385
1434,25,MngxUlEOhxM,715,718
1435,13,ojcv8wYK53k,209,212
1436,34,Jq_-ZDz2N8w,439,442
1437,24,261-jFGpYRo,534,537
1438,32,zeG2M5hEKps,332,335
1439,13,ojcv8wYK53k,383,386
1440,13,ojcv8wYK53k,554,557
1441,34,Jq_-ZDz2N8w,130,133
1442,33,mk8ZI7kftLY,403,406
1443,25,MngxUlEOhxM,625,628
1444,31,YymXdnfrMXQ,285,288
1445,24,261-jFGpYRo,531,534
1446,17,JkGx1vojCDM,772,775
1447,25,MngxUlEOhxM,742,745
1448,28,DpH0KB4Q390,474,477
1449,17,JkGx1vojCDM,385,388
1450,25,MngxUlEOhxM,904,907
1451,1,uRM0yMF0AtQ,591,594
1452,34,Jq_-ZDz2N8w,379,382
1453,33,mk8ZI7kftLY,544,547
1454,24,261-jFGpYRo,417,420
1455,25,MngxUlEOhxM,370,373
1456,21,7J0lys5pOG8,179,182
1457,18,em1FW2FjaCM,991,994
1458,18,em1FW2FjaCM,1024,1027
1459,27,zuYqN8hy800,530,533
1460,33,mk8ZI7kftLY,616,619
1461,28,DpH0KB4Q390,504,507
1462,30,0Mr1JRgOL6A,339,342
1463,25,MngxUlEOhxM,829,832
1464,15,tQPI3TqdCaA,611,614
1465,26,I594xLug_PE,127,130
1466,33,mk8ZI7kftLY,322,325
1467,16,M3BCVZ4WVHM,422,425
1468,16,M3BCVZ4WVHM,467,470
1469,27,zuYqN8hy800,449,452
1470,25,MngxUlEOhxM,568,571
1471,25,MngxUlEOhxM,400,403
1472,2,ccJLRXm9iXw,715,718
1473,10,KNNF9Sznwlk,479,482
1474,25,MngxUlEOhxM,754,757
1475,25,MngxUlEOhxM,55,58
1476,1,uRM0yMF0AtQ,726,729
1477,21,7J0lys5pOG8,695,698
1478,20,xveNdOQ4_vM,378,381
1479,5,udtN_TRUK0I,510,513
1480,31,YymXdnfrMXQ,120,123
1481,14,VH3evagLbCU,116,119
1482,15,tQPI3TqdCaA,536,539
1483,32,zeG2M5hEKps,563,566
1484,4,_t-4M4Q6pTk,705,708
1485,2,ccJLRXm9iXw,469,472
1486,21,7J0lys5pOG8,602,605
1487,33,mk8ZI7kftLY,406,409
1488,12,YQ0F8sHpjVI,294,297
1489,19,9puQp_MhFpo,616,619
1490,34,Jq_-ZDz2N8w,103,106
1491,17,JkGx1vojCDM,433,436
1492,25,MngxUlEOhxM,916,919
1493,33,mk8ZI7kftLY,238,241
1494,3,3kFX9ejMbM8,407,410
1495,6,Xs9D-FJ3RvY,235,238
1496,7,XD4jbio1mfc,414,417
1497,32,zeG2M5hEKps,77,80
1498,34,Jq_-ZDz2N8w,628,631
1499,2,ccJLRXm9iXw,610,613
1500,20,xveNdOQ4_vM,249,252
1501,18,em1FW2FjaCM,640,643
1502,17,JkGx1vojCDM,352,355
1503,15,tQPI3TqdCaA,146,149
1504,12,YQ0F8sHpjVI,651,654
1505,25,MngxUlEOhxM,49,52
1506,33,mk8ZI7kftLY,172,175
1507,4,_t-4M4Q6pTk,747,750
1508,3,3kFX9ejMbM8,692,695
1509,32,zeG2M5hEKps,677,680
1510,17,JkGx1vojCDM,280,283
1511,25,MngxUlEOhxM,67,70
1512,25,MngxUlEOhxM,919,922
1513,33,mk8ZI7kftLY,292,295
1514,7,XD4jbio1mfc,753,756
1515,23,xG_aqa94TD8,207,210
1516,20,xveNdOQ4_vM,363,366
1517,19,9puQp_MhFpo,568,571
1518,20,xveNdOQ4_vM,393,396
1519,14,VH3evagLbCU,284,287
1520,2,ccJLRXm9iXw,538,541
1521,14,VH3evagLbCU,383,386
1522,14,VH3evagLbCU,317,320
1523,25,MngxUlEOhxM,31,34
1524,34,Jq_-ZDz2N8w,97,100
1525,30,0Mr1JRgOL6A,132,135
1526,26,I594xLug_PE,262,265
1527,28,DpH0KB4Q390,327,330
1528,12,YQ0F8sHpjVI,177,180
1529,27,zuYqN8hy800,242,245
1530,19,9puQp_MhFpo,700,703
1531,28,DpH0KB4Q390,471,474
1532,32,zeG2M5hEKps,356,359
1533,7,XD4jbio1mfc,813,816
1534,27,zuYqN8hy800,200,203
1535,7,XD4jbio1mfc,705,708
1536,26,I594xLug_PE,130,133
1537,0,Na5vejwaJQA,525,528
1538,31,YymXdnfrMXQ,519,522
1539,16,M3BCVZ4WVHM,368,371
1540,27,zuYqN8hy800,386,389
1541,32,zeG2M5hEKps,572,575
1542,6,Xs9D-FJ3RvY,442,445
1543,16,M3BCVZ4WVHM,614,617
1544,9,6nhHzIg6Fqk,122,125
1545,10,KNNF9Sznwlk,224,227
1546,20,xveNdOQ4_vM,588,591
1547,34,Jq_-ZDz2N8w,235,238
1548,9,6nhHzIg6Fqk,341,344
1549,2,ccJLRXm9iXw,184,187
1550,17,JkGx1vojCDM,418,421
1551,14,VH3evagLbCU,194,197
1552,26,I594xLug_PE,265,268
1553,27,zuYqN8hy800,56,59
1554,12,YQ0F8sHpjVI,192,195
1555,15,tQPI3TqdCaA,305,308
1556,18,em1FW2FjaCM,631,634
1557,9,6nhHzIg6Fqk,188,191
1558,5,udtN_TRUK0I,321,324
1559,7,XD4jbio1mfc,462,465
1560,7,XD4jbio1mfc,405,408
1561,2,ccJLRXm9iXw,691,694
1562,17,JkGx1vojCDM,271,274
1563,34,Jq_-ZDz2N8w,640,643
1564,33,mk8ZI7kftLY,283,286
1565,15,tQPI3TqdCaA,332,335
1566,25,MngxUlEOhxM,757,760
1567,26,I594xLug_PE,199,202
1568,22,qduAK_FeObQ,398,401
1569,32,zeG2M5hEKps,251,254
1570,16,M3BCVZ4WVHM,557,560
1571,20,xveNdOQ4_vM,543,546
1572,25,MngxUlEOhxM,235,238
1573,25,MngxUlEOhxM,205,208
1574,32,zeG2M5hEKps,623,626
1575,1,uRM0yMF0AtQ,324,327
1576,3,3kFX9ejMbM8,563,566
1577,22,qduAK_FeObQ,329,332
1578,16,M3BCVZ4WVHM,323,326
1579,15,tQPI3TqdCaA,452,455
1580,34,Jq_-ZDz2N8w,514,517
1581,15,tQPI3TqdCaA,356,359
1582,12,YQ0F8sHpjVI,399,402
1583,21,7J0lys5pOG8,770,773
1584,24,261-jFGpYRo,519,522
1585,5,udtN_TRUK0I,447,450
1586,25,MngxUlEOhxM,469,472
1587,15,tQPI3TqdCaA,272,275
1588,25,MngxUlEOhxM,493,496
1589,4,_t-4M4Q6pTk,891,894
1590,10,KNNF9Sznwlk,485,488
1591,15,tQPI3TqdCaA,335,338
1592,4,_t-4M4Q6pTk,369,372
1593,21,7J0lys5pOG8,860,863
1594,12,YQ0F8sHpjVI,300,303
1595,15,tQPI3TqdCaA,656,659
1596,21,7J0lys5pOG8,587,590
1597,14,VH3evagLbCU,314,317
1598,17,JkGx1vojCDM,598,601
1599,21,7J0lys5pOG8,164,167
1600,2,ccJLRXm9iXw,694,697
1601,25,MngxUlEOhxM,799,802
1602,12,YQ0F8sHpjVI,198,201
1603,27,zuYqN8hy800,272,275
1604,25,MngxUlEOhxM,562,565
1605,33,mk8ZI7kftLY,208,211
1606,25,MngxUlEOhxM,508,511
1607,9,6nhHzIg6Fqk,449,452
1608,27,zuYqN8hy800,197,200
1609,2,ccJLRXm9iXw,625,628
1610,7,XD4jbio1mfc,870,873
1611,33,mk8ZI7kftLY,235,238
1612,25,MngxUlEOhxM,925,928
1613,32,zeG2M5hEKps,95,98
1614,33,mk8ZI7kftLY,607,610
1615,28,DpH0KB4Q390,171,174
1616,30,0Mr1JRgOL6A,159,162
1617,24,261-jFGpYRo,162,165
1618,3,3kFX9ejMbM8,515,518
1619,24,261-jFGpYRo,591,594
1620,22,qduAK_FeObQ,524,527
1621,21,7J0lys5pOG8,374,377
1622,13,ojcv8wYK53k,164,167
1623,24,261-jFGpYRo,522,525
1624,32,zeG2M5hEKps,632,635
1625,6,Xs9D-FJ3RvY,385,388
1626,8,qduAK_FeObQ,524,527
1627,6,Xs9D-FJ3RvY,343,346
1628,15,tQPI3TqdCaA,476,479
1629,25,MngxUlEOhxM,94,97
1630,12,YQ0F8sHpjVI,543,546
1631,24,261-jFGpYRo,639,642
1632,33,mk8ZI7kftLY,676,679
1633,24,261-jFGpYRo,414,417
1634,22,qduAK_FeObQ,227,230
1635,14,VH3evagLbCU,191,194
1636,27,zuYqN8hy800,590,593
1637,33,mk8ZI7kftLY,301,304
1638,30,0Mr1JRgOL6A,180,183
1639,25,MngxUlEOhxM,607,610
1640,14,VH3evagLbCU,176,179
1641,5,udtN_TRUK0I,441,444
1642,24,261-jFGpYRo,318,321
1643,24,261-jFGpYRo,483,486
1644,9,6nhHzIg6Fqk,497,500
1645,33,mk8ZI7kftLY,376,379
1646,27,zuYqN8hy800,353,356
1647,26,I594xLug_PE,121,124
1648,13,ojcv8wYK53k,551,554
1649,32,zeG2M5hEKps,470,473
1650,20,xveNdOQ4_vM,360,363
1651,14,VH3evagLbCU,443,446
1652,4,_t-4M4Q6pTk,510,513
1653,14,VH3evagLbCU,389,392
1654,21,7J0lys5pOG8,134,137
1655,16,M3BCVZ4WVHM,458,461
1656,33,mk8ZI7kftLY,565,568
1657,15,tQPI3TqdCaA,182,185
1658,18,em1FW2FjaCM,817,820
1659,20,xveNdOQ4_vM,342,345
1660,32,zeG2M5hEKps,473,476
1661,2,ccJLRXm9iXw,268,271
1662,2,ccJLRXm9iXw,262,265
1663,33,mk8ZI7kftLY,439,442
1664,7,XD4jbio1mfc,573,576
1665,6,Xs9D-FJ3RvY,445,448
1666,32,zeG2M5hEKps,278,281
1667,17,JkGx1vojCDM,469,472
1668,25,MngxUlEOhxM,337,340
1669,20,xveNdOQ4_vM,165,168
1670,34,Jq_-ZDz2N8w,601,604
1671,32,zeG2M5hEKps,569,572
1672,14,VH3evagLbCU,497,500
1673,7,XD4jbio1mfc,612,615
1674,31,YymXdnfrMXQ,225,228
1675,10,KNNF9Sznwlk,341,344
1676,33,mk8ZI7kftLY,493,496
1677,2,ccJLRXm9iXw,517,520
1678,16,M3BCVZ4WVHM,704,707
1679,33,mk8ZI7kftLY,364,367
1680,12,YQ0F8sHpjVI,213,216
1681,24,261-jFGpYRo,396,399
1682,15,tQPI3TqdCaA,311,314
1683,10,KNNF9Sznwlk,302,305
1684,13,ojcv8wYK53k,338,341
1685,26,I594xLug_PE,184,187
1686,27,zuYqN8hy800,434,437
1687,21,7J0lys5pOG8,500,503
1688,21,7J0lys5pOG8,665,668
1689,0,Na5vejwaJQA,198,201
1690,12,YQ0F8sHpjVI,396,399
1691,32,zeG2M5hEKps,449,452
1692,34,Jq_-ZDz2N8w,508,511
1693,32,zeG2M5hEKps,113,116
1694,8,qduAK_FeObQ,389,392
1695,1,uRM0yMF0AtQ,786,789
1696,10,KNNF9Sznwlk,191,194
1697,32,zeG2M5hEKps,344,347
1698,13,ojcv8wYK53k,179,182
1699,25,MngxUlEOhxM,43,46
1700,1,uRM0yMF0AtQ,450,453
1701,21,7J0lys5pOG8,557,560
1702,27,zuYqN8hy800,206,209
1703,6,Xs9D-FJ3RvY,454,457
1704,34,Jq_-ZDz2N8w,184,187
1705,25,MngxUlEOhxM,127,130
1706,25,MngxUlEOhxM,511,514
1707,1,uRM0yMF0AtQ,912,915
1708,32,zeG2M5hEKps,239,242
1709,24,261-jFGpYRo,654,657
1710,15,tQPI3TqdCaA,686,689
1711,24,261-jFGpYRo,363,366
1712,25,MngxUlEOhxM,844,847
1713,10,KNNF9Sznwlk,533,536
1714,33,mk8ZI7kftLY,229,232
1715,10,KNNF9Sznwlk,413,416
1716,33,mk8ZI7kftLY,121,124
1717,28,DpH0KB4Q390,129,132
1718,13,ojcv8wYK53k,575,578
1719,27,zuYqN8hy800,341,344
1720,25,MngxUlEOhxM,976,979
1721,32,zeG2M5hEKps,578,581
1722,21,7J0lys5pOG8,668,671
1723,34,Jq_-ZDz2N8w,262,265
1724,9,6nhHzIg6Fqk,425,428
1725,0,Na5vejwaJQA,432,435
1726,33,mk8ZI7kftLY,190,193
1727,2,ccJLRXm9iXw,466,469
1728,34,Jq_-ZDz2N8w,157,160
1729,4,_t-4M4Q6pTk,492,495
1730,28,DpH0KB4Q390,276,279
1731,4,_t-4M4Q6pTk,684,687
1732,1,uRM0yMF0AtQ,612,615
1733,33,mk8ZI7kftLY,490,493
1734,2,ccJLRXm9iXw,127,130
1735,26,I594xLug_PE,61,64
1736,32,zeG2M5hEKps,629,632
1737,5,udtN_TRUK0I,768,771
1738,19,9puQp_MhFpo,610,613
1739,2,ccJLRXm9iXw,580,583
1740,21,7J0lys5pOG8,476,479
1741,29,hxFXZ4YB5oc,363,366
1742,34,Jq_-ZDz2N8w,223,226
1743,31,YymXdnfrMXQ,36,39
1744,34,Jq_-ZDz2N8w,577,580
1745,29,hxFXZ4YB5oc,555,558
1746,34,Jq_-ZDz2N8w,274,277
1747,9,6nhHzIg6Fqk,488,491
1748,21,7J0lys5pOG8,182,185
1749,25,MngxUlEOhxM,169,172
1750,21,7J0lys5pOG8,233,236
1751,25,MngxUlEOhxM,319,322
1752,21,7J0lys5pOG8,887,890
1753,6,Xs9D-FJ3RvY,223,226
1754,17,JkGx1vojCDM,532,535
1755,33,mk8ZI7kftLY,289,292
1756,11,LjNUQ4zjHp8,232,235
1757,24,261-jFGpYRo,474,477
1758,22,qduAK_FeObQ,392,395
1759,16,M3BCVZ4WVHM,578,581
1760,25,MngxUlEOhxM,361,364
1761,7,XD4jbio1mfc,345,348
1762,34,Jq_-ZDz2N8w,475,478
1763,9,6nhHzIg6Fqk,419,422
1764,25,MngxUlEOhxM,961,964
1765,19,9puQp_MhFpo,613,616
1766,16,M3BCVZ4WVHM,506,509
1767,0,Na5vejwaJQA,294,297
1768,28,DpH0KB4Q390,306,309
1769,10,KNNF9Sznwlk,437,440
1770,17,JkGx1vojCDM,319,322
1771,28,DpH0KB4Q390,237,240
1772,33,mk8ZI7kftLY,76,79
1773,32,zeG2M5hEKps,98,101
1774,25,MngxUlEOhxM,130,133
1775,24,261-jFGpYRo,372,375
1776,16,M3BCVZ4WVHM,548,551
1777,29,hxFXZ4YB5oc,102,105
1778,20,xveNdOQ4_vM,495,498
1779,24,261-jFGpYRo,390,393
1780,28,DpH0KB4Q390,180,183
1781,32,zeG2M5hEKps,122,125
1782,9,6nhHzIg6Fqk,485,488
1783,34,Jq_-ZDz2N8w,529,532
1784,28,DpH0KB4Q390,420,423
1785,15,tQPI3TqdCaA,587,590
1786,34,Jq_-ZDz2N8w,616,619
1787,32,zeG2M5hEKps,182,185
1788,32,zeG2M5hEKps,362,365
1789,21,7J0lys5pOG8,758,761
1790,25,MngxUlEOhxM,778,781
1791,25,MngxUlEOhxM,112,115
1792,32,zeG2M5hEKps,293,296
1793,28,DpH0KB4Q390,273,276
1794,25,MngxUlEOhxM,523,526
1795,32,zeG2M5hEKps,515,518
1796,25,MngxUlEOhxM,52,55
1797,32,zeG2M5hEKps,500,503
1798,32,zeG2M5hEKps,476,479
1799,15,tQPI3TqdCaA,659,662
1800,16,M3BCVZ4WVHM,416,419
1801,4,_t-4M4Q6pTk,606,609
1802,25,MngxUlEOhxM,109,112
1803,33,mk8ZI7kftLY,181,184
1804,3,3kFX9ejMbM8,485,488
1805,21,7J0lys5pOG8,671,674
1806,32,zeG2M5hEKps,446,449
1807,21,7J0lys5pOG8,743,746
1808,27,zuYqN8hy800,467,470
1809,27,zuYqN8hy800,362,365
1810,4,_t-4M4Q6pTk,651,654
1811,28,DpH0KB4Q390,360,363
1812,29,hxFXZ4YB5oc,105,108
1813,16,M3BCVZ4WVHM,716,719
1814,32,zeG2M5hEKps,167,170
1815,4,_t-4M4Q6pTk,672,675
1816,27,zuYqN8hy800,488,491
1817,19,9puQp_MhFpo,331,334
1818,9,6nhHzIg6Fqk,116,119
1819,25,MngxUlEOhxM,502,505
1820,8,qduAK_FeObQ,533,536
1821,16,M3BCVZ4WVHM,332,335
1822,33,mk8ZI7kftLY,421,424
1823,9,6nhHzIg6Fqk,224,227
1824,6,Xs9D-FJ3RvY,313,316
1825,25,MngxUlEOhxM,898,901
1826,5,udtN_TRUK0I,354,357
1827,15,tQPI3TqdCaA,662,665
1828,28,DpH0KB4Q390,423,426
1829,6,Xs9D-FJ3RvY,304,307
1830,26,I594xLug_PE,241,244
1831,32,zeG2M5hEKps,74,77
1832,21,7J0lys5pOG8,287,290
1833,13,ojcv8wYK53k,305,308
1834,24,261-jFGpYRo,612,615
1835,25,MngxUlEOhxM,775,778
1836,21,7J0lys5pOG8,902,905
1837,18,em1FW2FjaCM,1021,1024
1838,24,261-jFGpYRo,399,402
1839,34,Jq_-ZDz2N8w,100,103
1840,18,em1FW2FjaCM,745,748
1841,21,7J0lys5pOG8,632,635
1842,21,7J0lys5pOG8,230,233
1843,1,uRM0yMF0AtQ,495,498
1844,25,MngxUlEOhxM,412,415
1845,11,LjNUQ4zjHp8,265,268
1846,13,ojcv8wYK53k,191,194
1847,34,Jq_-ZDz2N8w,622,625
1848,20,xveNdOQ4_vM,570,573
1849,26,I594xLug_PE,169,172
1850,1,uRM0yMF0AtQ,576,579
1851,6,Xs9D-FJ3RvY,502,505
1852,21,7J0lys5pOG8,419,422
1853,25,MngxUlEOhxM,580,583
1854,20,xveNdOQ4_vM,159,162
1855,32,zeG2M5hEKps,287,290
1856,1,uRM0yMF0AtQ,354,357
1857,9,6nhHzIg6Fqk,473,476
1858,25,MngxUlEOhxM,121,124
1859,14,VH3evagLbCU,551,554
1860,20,xveNdOQ4_vM,522,525
1861,9,6nhHzIg6Fqk,452,455
1862,34,Jq_-ZDz2N8w,403,406
1863,15,tQPI3TqdCaA,653,656
1864,9,6nhHzIg6Fqk,509,512
1865,30,0Mr1JRgOL6A,258,261
1866,33,mk8ZI7kftLY,307,310
1867,9,6nhHzIg6Fqk,434,437
1868,17,JkGx1vojCDM,571,574
1869,10,KNNF9Sznwlk,152,155
1870,32,zeG2M5hEKps,143,146
1871,25,MngxUlEOhxM,136,139
1872,23,xG_aqa94TD8,141,144
1873,15,tQPI3TqdCaA,251,254
1874,1,uRM0yMF0AtQ,672,675
1875,34,Jq_-ZDz2N8w,343,346
1876,20,xveNdOQ4_vM,330,333
1877,18,em1FW2FjaCM,529,532
1878,4,_t-4M4Q6pTk,729,732
1879,9,6nhHzIg6Fqk,239,242
1880,12,YQ0F8sHpjVI,606,609
1881,6,Xs9D-FJ3RvY,565,568
1882,15,tQPI3TqdCaA,503,506
1883,14,VH3evagLbCU,419,422
1884,32,zeG2M5hEKps,269,272
1885,4,_t-4M4Q6pTk,810,813
1886,20,xveNdOQ4_vM,186,189
1887,24,261-jFGpYRo,633,636
1888,34,Jq_-ZDz2N8w,199,202
1889,12,YQ0F8sHpjVI,282,285
1890,18,em1FW2FjaCM,547,550
1891,14,VH3evagLbCU,269,272
1892,34,Jq_-ZDz2N8w,634,637
1893,24,261-jFGpYRo,441,444
1894,12,YQ0F8sHpjVI,465,468
1895,15,tQPI3TqdCaA,152,155
1896,1,uRM0yMF0AtQ,414,417
1897,18,em1FW2FjaCM,1012,1015
1898,32,zeG2M5hEKps,275,278
1899,14,VH3evagLbCU,311,314
1900,2,ccJLRXm9iXw,481,484
1901,33,mk8ZI7kftLY,631,634
1902,1,uRM0yMF0AtQ,873,876
1903,15,tQPI3TqdCaA,323,326
1904,12,YQ0F8sHpjVI,459,462
1905,32,zeG2M5hEKps,152,155
1906,1,uRM0yMF0AtQ,783,786
1907,9,6nhHzIg6Fqk,371,374
1908,25,MngxUlEOhxM,553,556
1909,12,YQ0F8sHpjVI,171,174
1910,30,0Mr1JRgOL6A,99,102
1911,16,M3BCVZ4WVHM,572,575
1912,22,qduAK_FeObQ,377,380
1913,14,VH3evagLbCU,545,548
1914,21,7J0lys5pOG8,455,458
1915,24,261-jFGpYRo,195,198
1916,14,VH3evagLbCU,401,404
1917,34,Jq_-ZDz2N8w,304,307
1918,32,zeG2M5hEKps,608,611
1919,2,ccJLRXm9iXw,163,166
1920,24,261-jFGpYRo,132,135
1921,9,6nhHzIg6Fqk,368,371
1922,27,zuYqN8hy800,320,323
1923,25,MngxUlEOhxM,760,763
1924,22,qduAK_FeObQ,374,377
1925,15,tQPI3TqdCaA,263,266
1926,32,zeG2M5hEKps,422,425
1927,34,Jq_-ZDz2N8w,523,526
1928,25,MngxUlEOhxM,850,853
1929,7,XD4jbio1mfc,657,660
1930,4,_t-4M4Q6pTk,591,594
1931,4,_t-4M4Q6pTk,750,753
1932,12,YQ0F8sHpjVI,417,420
1933,33,mk8ZI7kftLY,295,298
1934,26,I594xLug_PE,163,166
1935,8,qduAK_FeObQ,374,377
1936,27,zuYqN8hy800,311,314
1937,25,MngxUlEOhxM,868,871
1938,26,I594xLug_PE,196,199
1939,8,qduAK_FeObQ,326,329
1940,25,MngxUlEOhxM,331,334
1941,31,YymXdnfrMXQ,90,93
1942,15,tQPI3TqdCaA,155,158
1943,33,mk8ZI7kftLY,277,280
1944,29,hxFXZ4YB5oc,582,585
1945,23,xG_aqa94TD8,213,216
1946,25,MngxUlEOhxM,307,310
1947,21,7J0lys5pOG8,341,344
1948,25,MngxUlEOhxM,649,652
1949,25,MngxUlEOhxM,238,241
1950,34,Jq_-ZDz2N8w,88,91
1951,32,zeG2M5hEKps,338,341
1952,17,JkGx1vojCDM,445,448
1953,17,JkGx1vojCDM,355,358
1954,9,6nhHzIg6Fqk,431,434
1955,18,em1FW2FjaCM,595,598
1956,20,xveNdOQ4_vM,237,240
1957,9,6nhHzIg6Fqk,284,287
1958,24,261-jFGpYRo,270,273
1959,15,tQPI3TqdCaA,269,272
1960,14,VH3evagLbCU,572,575
1961,26,I594xLug_PE,202,205
1962,6,Xs9D-FJ3RvY,388,391
1963,2,ccJLRXm9iXw,112,115
1964,15,tQPI3TqdCaA,572,575
1965,9,6nhHzIg6Fqk,401,404
1966,10,KNNF9Sznwlk,467,470
1967,26,I594xLug_PE,304,307
1968,32,zeG2M5hEKps,347,350
1969,24,261-jFGpYRo,453,456
1970,14,VH3evagLbCU,404,407
1971,21,7J0lys5pOG8,191,194
1972,3,3kFX9ejMbM8,695,698
1973,15,tQPI3TqdCaA,200,203
1974,17,JkGx1vojCDM,334,337
1975,34,Jq_-ZDz2N8w,373,376
1976,21,7J0lys5pOG8,611,614
1977,15,tQPI3TqdCaA,488,491
1978,25,MngxUlEOhxM,283,286
1979,8,qduAK_FeObQ,395,398
1980,14,VH3evagLbCU,296,299
1981,33,mk8ZI7kftLY,511,514
1982,20,xveNdOQ4_vM,189,192
1983,21,7J0lys5pOG8,848,851
1984,17,JkGx1vojCDM,292,295
1985,9,6nhHzIg6Fqk,308,311
1986,29,hxFXZ4YB5oc,528,531
1987,26,I594xLug_PE,91,94
1988,21,7J0lys5pOG8,572,575
1989,20,xveNdOQ4_vM,366,369
1990,32,zeG2M5hEKps,590,593
1991,33,mk8ZI7kftLY,535,538
1992,7,XD4jbio1mfc,393,396
1993,34,Jq_-ZDz2N8w,409,412
1994,34,Jq_-ZDz2N8w,307,310
1995,29,hxFXZ4YB5oc,48,51
1996,24,261-jFGpYRo,495,498
1997,4,_t-4M4Q6pTk,390,393
1998,15,tQPI3TqdCaA,560,563
1999,33,mk8ZI7kftLY,538,541
2000,25,MngxUlEOhxM,247,250
2001,25,MngxUlEOhxM,448,451
2002,20,xveNdOQ4_vM,201,204
2003,12,YQ0F8sHpjVI,402,405
2004,17,JkGx1vojCDM,721,724
2005,18,em1FW2FjaCM,559,562
2006,15,tQPI3TqdCaA,296,299
2007,25,MngxUlEOhxM,946,949
2008,30,0Mr1JRgOL6A,126,129
2009,34,Jq_-ZDz2N8w,511,514
2010,13,ojcv8wYK53k,491,494
2011,20,xveNdOQ4_vM,192,195
2012,2,ccJLRXm9iXw,361,364
2013,34,Jq_-ZDz2N8w,73,76
2014,13,ojcv8wYK53k,167,170
2015,2,ccJLRXm9iXw,343,346
2016,23,xG_aqa94TD8,144,147
2017,9,6nhHzIg6Fqk,530,533
2018,16,M3BCVZ4WVHM,281,284
2019,23,xG_aqa94TD8,261,264
2020,24,261-jFGpYRo,621,624
2021,9,6nhHzIg6Fqk,281,284
2022,7,XD4jbio1mfc,846,849
2023,10,KNNF9Sznwlk,494,497
2024,24,261-jFGpYRo,477,480
2025,6,Xs9D-FJ3RvY,466,469
2026,10,KNNF9Sznwlk,344,347
2027,5,udtN_TRUK0I,465,468
2028,34,Jq_-ZDz2N8w,181,184
2029,34,Jq_-ZDz2N8w,268,271
2030,25,MngxUlEOhxM,802,805
2031,25,MngxUlEOhxM,544,547
2032,32,zeG2M5hEKps,110,113
2033,27,zuYqN8hy800,356,359
2034,15,tQPI3TqdCaA,614,617
2035,27,zuYqN8hy800,536,539
2036,32,zeG2M5hEKps,680,683
2037,21,7J0lys5pOG8,167,170
2038,30,0Mr1JRgOL6A,198,201
2039,23,xG_aqa94TD8,270,273
2040,27,zuYqN8hy800,527,530
2041,13,ojcv8wYK53k,206,209
2042,17,JkGx1vojCDM,370,373
2043,2,ccJLRXm9iXw,193,196
2044,25,MngxUlEOhxM,610,613
2045,21,7J0lys5pOG8,599,602
2046,30,0Mr1JRgOL6A,147,150
2047,34,Jq_-ZDz2N8w,499,502
2048,20,xveNdOQ4_vM,234,237
2049,25,MngxUlEOhxM,226,229
2050,2,ccJLRXm9iXw,169,172
2051,14,VH3evagLbCU,287,290
2052,21,7J0lys5pOG8,851,854
2053,27,zuYqN8hy800,413,416
2054,14,VH3evagLbCU,386,389
2055,21,7J0lys5pOG8,788,791
2056,22,qduAK_FeObQ,395,398
2057,32,zeG2M5hEKps,617,620
2058,32,zeG2M5hEKps,683,686
2059,34,Jq_-ZDz2N8w,505,508
2060,2,ccJLRXm9iXw,496,499
2061,17,JkGx1vojCDM,556,559
2062,24,261-jFGpYRo,480,483
2063,32,zeG2M5hEKps,170,173
2064,20,xveNdOQ4_vM,546,549
2065,24,261-jFGpYRo,594,597
2066,25,MngxUlEOhxM,262,265
2067,17,JkGx1vojCDM,625,628
2068,25,MngxUlEOhxM,382,385
2069,34,Jq_-ZDz2N8w,490,493
2070,26,I594xLug_PE,283,286
2071,25,MngxUlEOhxM,385,388
2072,12,YQ0F8sHpjVI,285,288
2073,23,xG_aqa94TD8,153,156
2074,27,zuYqN8hy800,524,527
2075,15,tQPI3TqdCaA,650,653
2076,22,qduAK_FeObQ,425,428
2077,28,DpH0KB4Q390,366,369
2078,26,I594xLug_PE,190,193
2079,0,Na5vejwaJQA,282,285
2080,1,uRM0yMF0AtQ,639,642
2081,26,I594xLug_PE,112,115
2082,1,uRM0yMF0AtQ,489,492
2083,17,JkGx1vojCDM,781,784
2084,28,DpH0KB4Q390,417,420
2085,12,YQ0F8sHpjVI,342,345
2086,15,tQPI3TqdCaA,539,542
2087,34,Jq_-ZDz2N8w,487,490
2088,9,6nhHzIg6Fqk,506,509
2089,34,Jq_-ZDz2N8w,280,283
2090,18,em1FW2FjaCM,538,541
2091,25,MngxUlEOhxM,202,205
2092,25,MngxUlEOhxM,376,379
2093,24,261-jFGpYRo,387,390
2094,25,MngxUlEOhxM,265,268
2095,9,6nhHzIg6Fqk,584,587
2096,16,M3BCVZ4WVHM,515,518
2097,12,YQ0F8sHpjVI,633,636
2098,10,KNNF9Sznwlk,131,134
2099,21,7J0lys5pOG8,698,701
2100,31,YymXdnfrMXQ,264,267
2101,4,_t-4M4Q6pTk,528,531
2102,26,I594xLug_PE,187,190
2103,13,ojcv8wYK53k,455,458
2104,17,JkGx1vojCDM,382,385
2105,12,YQ0F8sHpjVI,666,669
2106,25,MngxUlEOhxM,91,94
2107,33,mk8ZI7kftLY,334,337
2108,9,6nhHzIg6Fqk,134,137
2109,8,qduAK_FeObQ,482,485
2110,14,VH3evagLbCU,233,236
2111,0,Na5vejwaJQA,576,579
2112,15,tQPI3TqdCaA,185,188
2113,28,DpH0KB4Q390,402,405
2114,15,tQPI3TqdCaA,479,482
2115,34,Jq_-ZDz2N8w,169,172
2116,2,ccJLRXm9iXw,505,508
2117,12,YQ0F8sHpjVI,420,423
2118,25,MngxUlEOhxM,298,301
2119,7,XD4jbio1mfc,543,546
2120,25,MngxUlEOhxM,475,478
2121,29,hxFXZ4YB5oc,378,381
2122,32,zeG2M5hEKps,464,467
2123,34,Jq_-ZDz2N8w,145,148
2124,17,JkGx1vojCDM,442,445
2125,1,uRM0yMF0AtQ,663,666
2126,28,DpH0KB4Q390,477,480
2127,25,MngxUlEOhxM,406,409
2128,14,VH3evagLbCU,356,359
2129,1,uRM0yMF0AtQ,405,408
2130,5,udtN_TRUK0I,426,429
2131,14,VH3evagLbCU,473,476
2132,29,hxFXZ4YB5oc,576,579
2133,17,JkGx1vojCDM,607,610
2134,22,qduAK_FeObQ,527,530
2135,25,MngxUlEOhxM,730,733
2136,24,261-jFGpYRo,114,117
2137,2,ccJLRXm9iXw,583,586
2138,19,9puQp_MhFpo,496,499
2139,21,7J0lys5pOG8,473,476
2140,34,Jq_-ZDz2N8w,139,142
2141,23,xG_aqa94TD8,288,291
2142,27,zuYqN8hy800,584,587
2143,11,LjNUQ4zjHp8,244,247
2144,16,M3BCVZ4WVHM,476,479
2145,27,zuYqN8hy800,113,116
2146,34,Jq_-ZDz2N8w,256,259
2147,10,KNNF9Sznwlk,284,287
2148,4,_t-4M4Q6pTk,462,465
2149,17,JkGx1vojCDM,724,727
2150,32,zeG2M5hEKps,314,317
2151,33,mk8ZI7kftLY,118,121
2152,12,YQ0F8sHpjVI,537,540
2153,34,Jq_-ZDz2N8w,664,667
2154,25,MngxUlEOhxM,784,787
2155,1,uRM0yMF0AtQ,741,744
2156,30,0Mr1JRgOL6A,168,171
2157,0,Na5vejwaJQA,513,516
2158,7,XD4jbio1mfc,669,672
2159,5,udtN_TRUK0I,312,315
2160,12,YQ0F8sHpjVI,486,489
2161,6,Xs9D-FJ3RvY,535,538
2162,17,JkGx1vojCDM,718,721
2163,25,MngxUlEOhxM,142,145
2164,12,YQ0F8sHpjVI,588,591
2165,2,ccJLRXm9iXw,649,652
2166,13,ojcv8wYK53k,293,296
2167,9,6nhHzIg6Fqk,410,413
2168,33,mk8ZI7kftLY,139,142
2169,27,zuYqN8hy800,563,566
2170,25,MngxUlEOhxM,928,931
2171,7,XD4jbio1mfc,453,456
2172,14,VH3evagLbCU,239,242
2173,28,DpH0KB4Q390,498,501
2174,16,M3BCVZ4WVHM,317,320
2175,18,em1FW2FjaCM,691,694
2176,32,zeG2M5hEKps,584,587
2177,19,9puQp_MhFpo,733,736
2178,24,261-jFGpYRo,342,345
2179,10,KNNF9Sznwlk,215,218
2180,7,XD4jbio1mfc,363,366
2181,7,XD4jbio1mfc,567,570
2182,9,6nhHzIg6Fqk,392,395
2183,10,KNNF9Sznwlk,314,317
2184,14,VH3evagLbCU,455,458
2185,25,MngxUlEOhxM,886,889
2186,1,uRM0yMF0AtQ,462,465
2187,0,Na5vejwaJQA,387,390
2188,13,ojcv8wYK53k,380,383
2189,34,Jq_-ZDz2N8w,85,88
2190,4,_t-4M4Q6pTk,291,294
2191,32,zeG2M5hEKps,371,374
2192,25,MngxUlEOhxM,220,223
2193,4,_t-4M4Q6pTk,885,888
2194,16,M3BCVZ4WVHM,485,488
2195,25,MngxUlEOhxM,37,40
2196,1,uRM0yMF0AtQ,711,714
2197,25,MngxUlEOhxM,655,658
2198,20,xveNdOQ4_vM,153,156
2199,2,ccJLRXm9iXw,232,235
2200,33,mk8ZI7kftLY,529,532
2201,34,Jq_-ZDz2N8w,400,403
2202,2,ccJLRXm9iXw,364,367
2203,20,xveNdOQ4_vM,387,390
2204,34,Jq_-ZDz2N8w,301,304
2205,33,mk8ZI7kftLY,667,670
2206,15,tQPI3TqdCaA,353,356
2207,34,Jq_-ZDz2N8w,241,244
2208,9,6nhHzIg6Fqk,590,593
2209,29,hxFXZ4YB5oc,465,468
2210,34,Jq_-ZDz2N8w,376,379
2211,20,xveNdOQ4_vM,498,501
2212,4,_t-4M4Q6pTk,297,300
2213,16,M3BCVZ4WVHM,473,476
2214,10,KNNF9Sznwlk,179,182
2215,9,6nhHzIg6Fqk,305,308
2216,12,YQ0F8sHpjVI,216,219
2217,21,7J0lys5pOG8,578,581
2218,2,ccJLRXm9iXw,106,109
2219,7,XD4jbio1mfc,660,663
2220,27,zuYqN8hy800,317,320
2221,32,zeG2M5hEKps,383,386
2222,15,tQPI3TqdCaA,602,605
2223,25,MngxUlEOhxM,397,400
2224,1,uRM0yMF0AtQ,867,870
2225,9,6nhHzIg6Fqk,557,560
2226,6,Xs9D-FJ3RvY,352,355
2227,0,Na5vejwaJQA,558,561
2228,17,JkGx1vojCDM,616,619
2229,34,Jq_-ZDz2N8w,247,250
2230,19,9puQp_MhFpo,532,535
2231,32,zeG2M5hEKps,518,521
2232,4,_t-4M4Q6pTk,768,771
2233,33,mk8ZI7kftLY,427,430
2234,32,zeG2M5hEKps,482,485
2235,34,Jq_-ZDz2N8w,406,409
2236,25,MngxUlEOhxM,391,394
2237,25,MngxUlEOhxM,736,739
2238,16,M3BCVZ4WVHM,329,332
2239,10,KNNF9Sznwlk,551,554
2240,20,xveNdOQ4_vM,438,441
2241,28,DpH0KB4Q390,288,291
2242,9,6nhHzIg6Fqk,119,122
2243,27,zuYqN8hy800,365,368
2244,7,XD4jbio1mfc,366,369
2245,8,qduAK_FeObQ,410,413
2246,15,tQPI3TqdCaA,500,503
2247,12,YQ0F8sHpjVI,447,450
2248,12,YQ0F8sHpjVI,636,639
2249,7,XD4jbio1mfc,324,327
2250,34,Jq_-ZDz2N8w,367,370
2251,28,DpH0KB4Q390,174,177
2252,2,ccJLRXm9iXw,589,592
2253,8,qduAK_FeObQ,461,464
2254,16,M3BCVZ4WVHM,305,308
2255,33,mk8ZI7kftLY,85,88
2256,25,MngxUlEOhxM,82,85
2257,6,Xs9D-FJ3RvY,178,181
2258,21,7J0lys5pOG8,395,398
2259,34,Jq_-ZDz2N8w,520,523
2260,17,JkGx1vojCDM,514,517
2261,24,261-jFGpYRo,561,564
2262,25,MngxUlEOhxM,418,421
2263,25,MngxUlEOhxM,817,820
2264,17,JkGx1vojCDM,307,310
2265,9,6nhHzIg6Fqk,146,149
2266,16,M3BCVZ4WVHM,581,584
2267,9,6nhHzIg6Fqk,257,260
2268,14,VH3evagLbCU,578,581
2269,8,qduAK_FeObQ,227,230
2270,29,hxFXZ4YB5oc,579,582
2271,34,Jq_-ZDz2N8w,574,577
2272,6,Xs9D-FJ3RvY,577,580
2273,32,zeG2M5hEKps,656,659
2274,34,Jq_-ZDz2N8w,538,541
2275,10,KNNF9Sznwlk,275,278
2276,11,LjNUQ4zjHp8,223,226
2277,25,MngxUlEOhxM,808,811
2278,33,mk8ZI7kftLY,154,157
2279,9,6nhHzIg6Fqk,161,164
2280,5,udtN_TRUK0I,744,747
2281,21,7J0lys5pOG8,626,629
2282,1,uRM0yMF0AtQ,588,591
2283,34,Jq_-ZDz2N8w,583,586
2284,24,261-jFGpYRo,576,579
2285,32,zeG2M5hEKps,479,482
2286,8,qduAK_FeObQ,329,332
2287,25,MngxUlEOhxM,619,622
2288,33,mk8ZI7kftLY,589,592
2289,25,MngxUlEOhxM,280,283
2290,13,ojcv8wYK53k,539,542
2291,16,M3BCVZ4WVHM,602,605
2292,29,hxFXZ4YB5oc,171,174
2293,25,MngxUlEOhxM,796,799
2294,21,7J0lys5pOG8,629,632
2295,32,zeG2M5hEKps,233,236
2296,11,LjNUQ4zjHp8,247,250
2297,16,M3BCVZ4WVHM,437,440
2298,14,VH3evagLbCU,449,452
2299,25,MngxUlEOhxM,106,109
2300,2,ccJLRXm9iXw,709,712
2301,7,XD4jbio1mfc,585,588
2302,14,VH3evagLbCU,431,434
2303,27,zuYqN8hy800,230,233
2304,27,zuYqN8hy800,86,89
2305,25,MngxUlEOhxM,856,859
2306,23,xG_aqa94TD8,333,336
2307,20,xveNdOQ4_vM,594,597
2308,14,VH3evagLbCU,293,296
2309,16,M3BCVZ4WVHM,227,230
2310,21,7J0lys5pOG8,140,143
2311,26,I594xLug_PE,115,118
2312,13,ojcv8wYK53k,467,470
2313,14,VH3evagLbCU,524,527
2314,25,MngxUlEOhxM,148,151
2315,26,I594xLug_PE,52,55
2316,25,MngxUlEOhxM,751,754
2317,2,ccJLRXm9iXw,391,394
2318,15,tQPI3TqdCaA,599,602
2319,23,xG_aqa94TD8,150,153
2320,7,XD4jbio1mfc,348,351
2321,6,Xs9D-FJ3RvY,298,301
2322,33,mk8ZI7kftLY,286,289
2323,26,I594xLug_PE,295,298
2324,12,YQ0F8sHpjVI,525,528
2325,12,YQ0F8sHpjVI,291,294
2326,22,qduAK_FeObQ,479,482
2327,15,tQPI3TqdCaA,329,332
2328,27,zuYqN8hy800,107,110
2329,2,ccJLRXm9iXw,595,598
2330,17,JkGx1vojCDM,751,754
2331,1,uRM0yMF0AtQ,291,294
2332,29,hxFXZ4YB5oc,453,456
2333,16,M3BCVZ4WVHM,551,554
2334,3,3kFX9ejMbM8,497,500
2335,25,MngxUlEOhxM,547,550
2336,15,tQPI3TqdCaA,434,437
2337,27,zuYqN8hy800,218,221
2338,28,DpH0KB4Q390,378,381
2339,32,zeG2M5hEKps,665,668
2340,25,MngxUlEOhxM,577,580
2341,28,DpH0KB4Q390,126,129
2342,32,zeG2M5hEKps,134,137
2343,30,0Mr1JRgOL6A,144,147
2344,33,mk8ZI7kftLY,475,478
2345,6,Xs9D-FJ3RvY,457,460
2346,15,tQPI3TqdCaA,482,485
2347,34,Jq_-ZDz2N8w,421,424
2348,23,xG_aqa94TD8,210,213
2349,6,Xs9D-FJ3RvY,595,598
2350,10,KNNF9Sznwlk,221,224
2351,15,tQPI3TqdCaA,533,536
2352,6,Xs9D-FJ3RvY,367,370
2353,33,mk8ZI7kftLY,241,244
2354,8,qduAK_FeObQ,398,401
2355,24,261-jFGpYRo,411,414
2356,4,_t-4M4Q6pTk,675,678
2357,6,Xs9D-FJ3RvY,355,358
2358,4,_t-4M4Q6pTk,219,222
2359,15,tQPI3TqdCaA,557,560
2360,26,I594xLug_PE,133,136
2361,24,261-jFGpYRo,336,339
2362,26,I594xLug_PE,145,148
2363,21,7J0lys5pOG8,485,488
2364,32,zeG2M5hEKps,461,464
2365,3,3kFX9ejMbM8,386,389
2366,21,7J0lys5pOG8,650,653
2367,16,M3BCVZ4WVHM,605,608
2368,21,7J0lys5pOG8,146,149
2369,27,zuYqN8hy800,395,398
2370,25,MngxUlEOhxM,268,271
2371,15,tQPI3TqdCaA,605,608
2372,12,YQ0F8sHpjVI,237,240
2373,34,Jq_-ZDz2N8w,259,262
2374,33,mk8ZI7kftLY,652,655
2375,21,7J0lys5pOG8,605,608